file,bytes,sha256
bootstrap_shard.sh,1525,56d5230e32bd0d295c5f5d9320b3b4e29b3278cf54c8abd28e61f6814e4ba1cf
DEPLOY_ON_EXISTING_VM.md,3030,818bff9514ea4d47ec326cf639c23e4eb81ffa21e37221cb986bd04de0516512
pack_results.sh,1271,b0c39fec49fb227818090fb78ae67b78f6d3ab9873387c6430c2846c384a15cf
patch_alderaan_paper_priors.py,1391,ff5cafc2c1a1d3bc72631f98d0d8404dc55d989a6773e5e26b88a75e9d5074eb
patch_alderaan_repro.py,3378,f3d427830a632e7ca320105811c8e83627f7690d1bb8403266b3ea7d451eab86
published_inventory_missing_full_system_inventory.csv,11396,48b7af89f16708f68d4fc2942120c69f7df2892eff9886a385242997b7c53736
published_inventory_missing_population_rows.csv,223112,53c263b117ec2cd545a142a58f36a0cf719d510d61939b8f0fdb57c254fac7f7
README.md,2886,eac1d78e3fd2af0da92799560953b974be5f1d0ac3e02437a381da70118b566c
run_batch.sh,4309,32c8b4d3ab378ea541e7d2d253c6b0af0a18b3923432e1f3f8ad544a93e9888b
run_one_target.sh,6217,6713d15d2561376fdfd7064a265e62ba243a4caaaf982f0b9061114077c7c25e
run_recovery_two_pass.sh,524,6d78b4fb01434ce3e3db8a93a55b1ffd101c1b64fe7aa3a63df82805b9679be9
run_shard.sh,627,ee5cae77a8ad64cecbfb8b8b0848af867197be9ed849abad30981f59028533dd
sagear_missing_catalog.csv,13511,6dacda77af2282408f3ebad81f9fdab37194d159e407e2c396ea74ddab18fe0c
setup_vm.sh,2500,fc032976d67e84eec880e5a19e3a28e1da3ef7d207e8e0a1d5cae9c481f428d3
summarize_progress.sh,2554,32980db1291dae45018f1df543477c68232e348680525ff6622f08523c9889b9
target_shards/shard_assignment.csv,24715,7d2ed2f64e1088fa526fb8b6044966e1fc2563491df6011f21949ae154b90174
target_shards/shard_summary.csv,102,e06a5c5fe827a0ab6f0bdfa5bb0b7cfc9af13d2b066095f8e8bb9c33aef23a4d
target_shards/targets_shard_00.csv,12510,7505ca63ca8ce281a256fafcc09f47458d5796f4f0212c54903a6cf452060adc
target_shards/targets_shard_01.csv,12488,9981a816cad68b44c0f5805d2358f78b4c80a90ebcc4fc95443729721a975156
targets_missing_launchable.csv,22426,29f0706c4138faa536f83eca8a6ff55f918f2aeae8af1da809dddcd32d36db89
validate_bundle.py,3517,540808711b7b4ece7c3bb62ad5eae07ac615c44cee43317f05cf4fb779b5c3a1
