,koi_id,kic_id,npl,period,epoch,depth,duration,impact,limbdark_1,limbdark_2
0,K00004,3861595,1,3.849371737,157.526686,1298.6,2.632,0.915,0.3133,0.3033
1,K00012,5812701,1,17.855221681,146.596466,9065.2,7.41287,0.075,0.2758,0.3272
2,K00089,8056665,2,84.6877524,150.57084,347.7,10.0248,0.017,0.2734,0.318
3,K00089,8056665,2,207.5829306,289.88311,505.1,7.0686,0.84,0.2734,0.318
4,K00094,6462863,4,3.743166733,131.61967,126.3,3.6888,0.008,0.3201,0.305
5,K00094,6462863,4,10.423677439,138.009041,777.3,5.2257,0.005,0.3201,0.305
6,K00094,6462863,4,22.342964828,132.741641,5612.8,6.66405,0.031,0.3201,0.305
7,K00094,6462863,4,54.31996151,161.239869,1975.0,8.5858,0.497,0.3201,0.305
8,K00097,5780885,1,4.885488596,134.2768785,7458.4,5.16165,0.361,0.3589,0.2891
9,K00107,11250587,1,7.256962446,134.023923,463.2,4.9402,0.676,0.4133,0.26
10,K00131,7778437,1,5.014234733,133.174289,6536.0,4.589,0.066,0.3031,0.3155
11,K00134,9032900,1,67.5923754,151.75056,4158.1,12.249,0.728,0.3747,0.2845
12,K00152,8394721,4,13.48457668,136.61808,653.5,5.0197,0.011,0.3201,0.305
13,K00152,8394721,4,27.40229859,133.6284,747.5,6.8491,0.022,0.3201,0.305
14,K00152,8394721,4,52.09081627,158.744665,2894.1,8.6388,0.065,0.3201,0.305
15,K00152,8394721,4,81.0637895,139.53492,476.0,3.001,0.584,0.3201,0.305
16,K00155,8030148,1,5.660669429,137.416045,737.8,4.6483,0.477,0.3928,0.2676
17,K00176,6442377,1,30.22910274,134.52081,443.4,6.6751,0.77,0.3279,0.3061
18,K00238,7219825,3,17.23232894,135.0922,509.8,4.5568,0.395,0.3447,0.2916
19,K00238,7219825,3,26.6951944,143.9999,132.6,4.576,0.136,0.3447,0.2916
20,K00238,7219825,3,362.97828,256.5011,260.6,14.083,0.055,0.3447,0.2916
21,K00281,4143755,1,19.55662003,189.04354,298.9,8.087,0.606,0.3719,0.2787
22,K00285,6196457,3,13.74883059,179.279158,425.9,6.0968,0.658,0.4133,0.26
23,K00285,6196457,3,26.723169,147.93696,195.0,8.501,0.035,0.4133,0.26
24,K00285,6196457,3,49.3567907,134.29533,130.2,10.954,0.277,0.4133,0.26
25,K00317,8121310,2,11.505879,136.2363,49.8,5.583,0.029,0.3403,0.3016
26,K00317,8121310,2,22.20809549,206.35965,463.2,7.3327,0.017,0.3403,0.3016
27,K00366,3545478,1,75.1122132,207.713987,3751.5,4.9458,0.838,0.3218,0.3096
28,K00393,3964109,1,21.41624083,176.24991,314.5,7.081,0.081,0.3239,0.3029
29,K00501,4951877,1,24.7962801,170.32595,574.4,8.33,0.01,0.4191,0.2555
30,K00611,6309763,1,3.251659087,171.0604906,4747.9,1.5286,0.938,0.319,0.302
31,K00629,4656049,1,40.6992062,172.57123,429.9,7.074,0.854,0.2923,0.3025
32,K00649,5613330,2,10.2090268,140.6805,36.7,6.264,0.213,0.344,0.3077
33,K00649,5613330,2,23.44970494,182.92295,315.6,8.6567,0.193,0.344,0.3077
34,K00673,7124613,1,4.41746257,170.79073,291.0,2.965,0.085,0.2938,0.311
35,K00674,7277317,1,16.33888067,177.917586,1718.4,9.3599,0.256,0.5703,0.1585
36,K00685,7764367,1,3.173914037,170.92525,303.0,3.6069,0.819,0.2958,0.3168
37,K00840,5651104,1,3.04033046,169.9490106,10859.0,1.8411,0.736,0.5575,0.1611
38,K00972,11013201,2,7.82187328,123.49907,42.2,3.8417,0.005,0.3715,0.2369
39,K00972,11013201,2,13.118962443,261.539434,372.2,4.3045,0.042,0.3715,0.2369
40,K01117,3114811,1,11.08956602,141.76142,148.1,6.2877,0.02,0.3135,0.3044
41,K01154,10295951,1,6.810823723,136.04667,14447.0,7.98574,0.57,0.2412,0.3287
42,K01221,3640905,2,30.1599411,138.51774,175.9,7.874,0.802,0.5703,0.1585
43,K01221,3640905,2,51.0771048,152.35694,141.5,11.233,0.498,0.5703,0.1585
44,K01309,10854768,1,10.1171684,137.44489,288.7,4.6677,0.296,0.3279,0.3061
45,K01525,7869917,2,7.71467686,133.55635,233.9,4.5871,0.899,0.2544,0.3299
46,K01525,7869917,2,11.8061737,138.2641,88.1,4.472,0.905,0.2544,0.3299
47,K01597,5039228,1,7.79668781,134.42081,361.3,4.6699,0.005,0.3031,0.3155
48,K01602,4860678,2,3.03359398,133.08355,95.6,4.026,0.023,0.4641,0.2286
49,K01602,4860678,2,9.97716876,137.2361,252.9,5.908,0.002,0.4641,0.2286
50,K01622,7287683,1,69.8347983,168.78436,266.6,8.262,0.672,0.2374,0.3299
51,K01788,2975770,2,71.52543938,191.69147,5904.3,5.9189,0.066,0.6323,0.1054
52,K01788,2975770,2,369.069345,298.3962,945.9,5.832,0.929,0.6323,0.1054
53,K01814,5621125,1,14.80075082,132.82179,501.4,5.762,0.367,0.3232,0.3215
54,K01852,9763348,1,15.77382794,137.53051,313.6,4.957,0.035,0.3166,0.303
55,K01886,9549648,1,5.99185827,136.88244,186.3,1.7215,0.905,0.3201,0.305
56,K01921,7755636,1,16.00496657,135.25305,377.5,6.5047,0.013,0.2958,0.3168
57,K01932,5202905,2,14.8444836,143.576,177.9,6.091,0.149,0.2736,0.3218
58,K01932,5202905,2,22.8245144,144.46843,322.7,6.617,0.279,0.2736,0.3218
59,K02010,5631630,1,25.96190067,138.96908,350.3,6.2732,0.02,0.3236,0.3052
60,K02011,5384079,2,7.05675145,132.53512,130.0,2.0261,0.631,0.2958,0.3168
61,K02011,5384079,2,17.2653659,135.3549,67.9,5.02,0.007,0.2958,0.3168
62,K02016,8492026,1,4.30656389,132.44098,257.0,4.1107,0.894,0.3661,0.2844
63,K02042,9111849,1,63.0732241,191.2532,671.3,5.397,0.746,0.3232,0.3215
64,K02046,10663396,1,23.8990075,151.39847,293.4,15.955,0.153,0.4554,0.2329
65,K02069,11360571,1,77.2550726,159.32399,589.5,10.214,0.837,0.2914,0.311
66,K02138,5022828,1,23.5541012,144.21486,95.2,7.3,0.536,0.2099,0.2915
67,K02149,10617017,1,13.15140223,144.16237,97.8,5.439,0.872,0.3236,0.3052
68,K02175,9022166,2,26.8475962,142.17023,254.1,10.068,0.457,0.4554,0.2329
69,K02175,9022166,2,72.3826983,179.49813,366.4,8.279,0.791,0.4554,0.2329
70,K02198,11075429,1,23.9210408,139.07872,158.3,5.174,0.936,0.2559,0.3269
71,K02243,4770617,3,5.18560081,132.32455,252.6,4.054,0.012,0.3279,0.3061
72,K02243,4770617,3,8.45805119,137.06123,258.7,2.998,0.697,0.3279,0.3061
73,K02243,4770617,3,31.4452709,154.58136,531.1,1.758,0.97,0.3279,0.3061
74,K02276,3458028,1,1.442592305,134.07188,166.0,2.9698,0.207,0.2367,0.3338
75,K02370,5385304,1,78.7327023,168.72926,495.8,5.041,0.956,0.2736,0.3218
76,K02401,10336951,1,38.2292037,166.01191,605.8,3.893,0.571,0.6414,0.0966
77,K02445,6516185,1,47.3659328,175.0355,757.0,7.929,1.085,0.3858,0.2711
78,K02457,9753154,1,3.70429015,132.21478,55.7,3.37,0.001,0.2774,0.3088
79,K02516,7294743,1,2.81043228,133.40821,47.4,3.874,0.351,0.4554,0.2329
80,K02524,7515762,1,40.9905002,132.4136,297.3,7.336,0.048,0.4046,0.2638
81,K02577,12257999,1,18.55581565,132.07105,565.9,5.372,0.073,0.3651,0.2994
82,K02610,2305866,2,24.1073172,145.9415,104.2,10.465,0.693,0.2938,0.311
83,K02610,2305866,2,115.230655,176.644,164.4,17.735,0.95,0.2938,0.311
84,K02632,11337566,1,7.12815163,136.88006,45.9,5.522,0.201,0.3279,0.3061
85,K02696,11071200,2,44.5643831,143.43526,360.5,7.874,0.851,0.2559,0.3259
86,K02696,11071200,2,96.4562198,214.74931,950.5,11.195,0.775,0.2559,0.3259
87,K02706,9697131,1,3.09756897,131.55889,83.3,4.588,0.408,0.3236,0.3052
88,K02728,4178606,1,42.3520039,131.61246,512.6,7.773,0.659,0.2734,0.318
89,K02829,6197215,1,10.61345333,135.6898,150.2,0.9829,0.535,0.3958,0.2678
90,K02830,9244508,1,40.5289885,168.01669,360.7,10.604,0.325,0.2968,0.3318
91,K02838,6607357,2,4.77466043,135.16338,54.3,3.804,0.03,0.4035,0.2622
92,K02838,6607357,2,7.69994466,134.39282,70.9,4.432,0.018,0.4035,0.2622
93,K02914,6837283,1,21.1181653,133.59196,112.7,9.734,0.675,0.2938,0.311
94,K02935,8259713,1,27.8813154,134.51369,209.2,6.346,0.168,0.2859,0.3124
95,K02956,8801316,1,3.93766786,135.27724,24.3,4.655,0.226,0.3135,0.3044
96,K02984,7918652,1,11.45541896,136.32524,68.6,4.95,0.116,0.3403,0.3016
97,K03008,9070666,1,2.99792926,131.76579,45.4,4.398,0.403,0.3589,0.2891
98,K03125,8751796,1,4.45342418,133.09066,46.6,3.654,0.569,0.319,0.302
99,K03165,9579208,1,4.11754421,132.79189,34.3,4.362,0.312,0.3153,0.3023
100,K03190,5985713,1,8.95294046,134.33731,44.0,2.995,0.718,0.3447,0.2916
101,K03203,3122872,1,96.81647,136.55813,164.7,10.227,0.034,0.2931,0.31
102,K03209,7017274,2,6.77067637,133.34914,65.8,5.982,0.127,0.3279,0.3061
103,K03209,7017274,2,11.91256675,143.15988,123.1,6.126,0.174,0.3279,0.3061
104,K03226,5544450,1,6.93650854,133.98309,88.7,3.674,0.331,0.2951,0.3132
105,K03277,3120904,1,42.9136635,139.88848,160.6,5.227,0.403,0.3671,0.2865
106,K03341,5621333,2,11.5474983,139.9777,115.5,6.684,0.495,0.4046,0.2638
107,K03341,5621333,2,27.0965146,139.3521,208.4,8.42,0.769,0.4046,0.2638
108,K03398,3561464,3,4.32710579,131.5891,84.1,3.872,0.025,0.4109,0.2657
109,K03398,3561464,3,7.31945294,137.22065,166.8,4.881,0.112,0.4109,0.2657
110,K03398,3561464,3,35.8007112,144.92169,417.4,8.219,0.043,0.4109,0.2657
111,K03425,9117416,3,3.15722086,131.69915,49.7,3.762,0.001,0.3534,0.2904
112,K03425,9117416,3,7.64370363,137.87526,70.9,2.738,0.785,0.3534,0.2904
113,K03425,9117416,3,20.034708,145.4541,124.4,6.49,0.193,0.3534,0.2904
114,K03439,4282191,1,41.7084063,153.53793,330.0,8.567,0.671,0.2947,0.3103
115,K03460,9664276,1,62.596544,185.9931,223.1,11.477,0.246,0.3747,0.2845
116,K03468,5213404,1,20.7057153,139.9803,115.9,9.678,0.922,0.4046,0.2638
117,K03486,8121328,1,19.0689513,145.7515,169.3,12.462,0.98,0.4341,0.2434
118,K03496,7517261,2,8.5433774,137.9895,75.1,6.149,0.748,0.2938,0.311
119,K03496,7517261,2,23.2385587,143.5274,161.2,8.432,0.355,0.2938,0.311
120,K03500,6058816,2,4.7482669,135.8003,35.6,4.947,0.673,0.3589,0.2891
121,K03500,6058816,2,73.7502765,188.52221,233.1,13.309,0.127,0.3589,0.2891
122,K03728,7515679,1,5.546083089,133.50348,2211.0,2.717,0.902,0.2457,0.3221
123,K03943,7679812,1,38.5763483,167.85725,282.1,19.861,0.015,0.3288,0.3024
124,K04166,4078311,1,9.84262076,134.02155,626.4,1.6018,0.234,0.4955,0.2111
125,K04189,9897364,1,64.2729088,186.7353,1213.9,12.136,0.908,0.3239,0.3029
126,K04226,9491832,1,49.564693,170.6973,113.5,8.54,0.685,0.3879,0.2821
127,K04267,7450747,1,2.20829637,131.63091,87.9,2.841,0.205,0.3589,0.2891
128,K04318,9286088,1,14.8162925,138.3761,108.2,4.973,0.857,0.3239,0.3029
129,K04341,6792908,1,10.778313,136.6142,90.7,5.256,0.591,0.2754,0.3085
130,K04363,9776794,1,18.22211768,553.06646,2318.0,2.044,0.973,0.5324,0.1828
131,K04377,4945764,1,19.8751355,148.3935,109.0,8.041,0.919,0.2544,0.3299
132,K04443,5780855,1,5.67577999,134.91027,51.2,3.554,0.91,0.274,0.3189
133,K04482,7778427,1,5.38299284,136.239,35.1,3.336,0.417,0.3239,0.3029
134,K04523,8700895,1,5.68251605,131.6745,81.2,3.479,0.0,0.4191,0.2555
135,K04747,8047428,1,92.263742,146.4247,296.9,8.605,0.273,0.3661,0.2844
136,K04773,7906892,2,8.8493948,139.786,43.8,6.928,0.819,0.3447,0.2916
137,K04773,7906892,2,11.1438086,131.725,41.7,7.905,0.629,0.3447,0.2916
138,K04775,8626325,1,16.4491515,145.7441,70.9,6.696,0.866,0.5198,0.1952
139,K04793,6220312,1,5.2736268,135.6461,86.1,5.291,0.595,0.4035,0.2622
140,K04818,9459162,1,3.79892774,133.289,47.0,4.112,0.13,0.274,0.3189
141,K04833,10584140,1,4.31724247,133.4243,59.0,4.126,0.252,0.3434,0.2918
142,K04913,5769810,2,6.78788113,136.3345,73.1,2.26,0.022,0.2951,0.3132
143,K04913,5769810,2,8.97377221,139.73978,106.5,2.135,0.237,0.2951,0.3132
144,K04963,3101178,1,59.4037839,159.80356,123.5,10.041,0.94,0.3026,0.3029
145,K04977,3425363,1,25.5338535,153.586,368.0,2.076,0.1577,0.6192,0.1157
146,K05046,4164511,1,40.9882124,152.2483,145.8,3.599,0.2697,0.2776,0.3067
147,K05178,5551240,1,4.13960513,134.04705,106.7,3.31,0.344,0.2947,0.3103
148,K05406,7625138,1,5.71966537,131.78147,19.1,3.938,0.1103,0.3057,0.3071
149,K05411,7672215,1,11.1734401,142.5962,61.3,4.545,0.268,0.2353,0.3376
150,K05475,8105398,2,5.68325648,134.87698,44.6,1.778,0.844,0.3078,0.3001
151,K05475,8105398,2,224.150923,341.02756,348.6,12.455,0.019,0.3078,0.3001
152,K05497,8279146,1,93.359737,155.8348,38.3,5.397,0.0547,0.2718,0.3117
153,K05568,8745553,1,62.134919,154.0853,147.5,8.711,0.827,0.3647,0.2918
154,K05748,9993683,1,29.9371143,145.1081,194.3,4.435,0.321,0.5746,0.1496
155,K05895,11407847,1,11.8307724,140.1105,136.0,8.791,0.592,0.4415,0.2396
156,K05934,11811382,1,19.3854894,142.34859,4560.0,1.031,0.0074,0.4526,0.2325
157,K06068,9418619,1,6.150251376,134.4228253,2128.7,1.68923,1.27,0.2291,0.2912
158,K06102,3545840,1,54.2916336,172.0219,97.8,3.364,0.7285,0.2781,0.3171
159,K06118,4739229,2,4.66185924,133.58514,49.3,3.164,0.2695,0.2488,0.3266
160,K06118,4739229,2,571.280892,368.0081,460.7,21.827,0.6109,0.2488,0.3266
161,K06168,7974634,2,75.072964,147.1591,74.3,9.21,0.2602,0.3018,0.3096
162,K06168,7974634,2,131.258668,182.3187,153.0,4.89,0.4901,0.3018,0.3096
163,K06301,2994092,1,50.271927,160.466,574.5,6.073,0.205,0.2998,0.3138
164,K06342,3547178,1,8.1770751,136.8217,44.3,4.608,0.456,0.2866,0.3071
165,K06949,8007675,1,2.352446342,131.9380482,32.5,1.6802,0.755,0.2705,0.3183
166,K07072,8624860,1,15.3902613,140.8602,76.8,3.431,0.231,0.3542,0.2841
167,K07076,8693536,1,16.2347636,139.9705,115.5,4.2,0.046,0.2971,0.3119
168,K07415,11182260,1,1.291964282,132.63733,28640.0,1.8378,0.461,0.5172,0.1908
169,K07506,12016243,1,11.8436119,138.0037,199.3,6.044,0.067,0.3588,0.2868
170,K07546,3965201,1,44.113873,164.8337,196.3,3.956,0.032,0.2926,0.2862
171,K07572,6876575,1,91.069934,196.391,12.7,17.33,0.5939,0.2267,0.294
172,K07593,8444868,1,67.412998,196.1263,126.1,9.1,0.5109,0.2914,0.3113
173,K07780,6451368,1,5.3360574,132.605,54.7,3.877,0.006,0.2774,0.3088
174,K07882,8364232,1,65.415183,140.2325,417.1,4.224,0.377,0.6656,0.0853
175,K07991,10198225,1,11.9451376,142.3107,63.3,6.893,0.443,0.5474,0.1713
176,K08007,10403228,1,67.176626864,144.1192641,1689.9,3.1147,1.236,0.3573,0.366
177,K08035,10862759,1,29.4856392,151.8669,105.0,4.27,0.103,0.2751,0.3169
178,K08052,11358305,1,7.8687123,133.2612,89.1,3.739,0.748,0.2734,0.318
179,K08054,11443757,1,43.9088053,169.335,297.8,6.265,0.272,0.4858,0.2129
180,K08082,12602999,1,8.2766028,131.7601,73.1,4.834,0.638,0.2734,0.318
