target_index,koi_target,kepid,disk,system,P_thick,missing_planets,missing_kepoi_names,min_missing_period,max_missing_period,max_missing_snr,target_sample_planets,all_kepoi_names,min_period,max_period,max_snr,prior_launch_status,catalog_planets,mean_depth_ppm,runtime_proxy,shard_id
25,K00152,8394721,thin,multi,0.0711,4,"K00152.03,K00152.02,K00152.01,K00152.04",13.48457668,81.0637895,243.5,4,"K00152.03,K00152.02,K00152.01,K00152.04",13.48457668,81.0637895,243.5,not_in_previous_592_target_launch,4,1192.775,5.5,1
27,K00285,6196457,thin,multi,0.1961,3,"K00285.01,K00285.02,K00285.03",13.74883059,49.3567907,167.6,3,"K00285.01,K00285.02,K00285.03",13.74883059,49.3567907,167.6,not_in_previous_592_target_launch,3,250.36666666666665,4.35,1
41,K03398,3561464,thin,multi,0.3682,3,"K03398.03,K03398.01,K03398.02",4.32710579,35.8007112,25.0,3,"K03398.03,K03398.01,K03398.02",4.32710579,35.8007112,25.0,not_in_previous_592_target_launch,3,222.76666666666665,4.35,1
29,K00649,5613330,thin,multi,0.0446,2,"K00649.02,K00649.01",10.2090268,23.44970494,67.9,2,"K00649.02,K00649.01",10.2090268,23.44970494,67.9,previously_launched_no_usable_result,2,176.15,3.0500000000000003,1
31,K01221,3640905,thin,multi,0.1105,2,"K01221.01,K01221.02",30.1599411,51.0771048,32.3,2,"K01221.01,K01221.02",30.1599411,51.0771048,32.3,previously_launched_no_usable_result,2,158.7,3.0500000000000003,1
0,K01602,4860678,thick,multi,0.9997,2,"K01602.02,K01602.01",3.03359398,9.97716876,21.8,2,"K01602.02,K01602.01",3.03359398,9.97716876,21.8,not_in_previous_592_target_launch,2,174.25,2.85,1
3,K02838,6607357,thick,multi,0.9933,2,"K02838.02,K02838.01",4.77466043,7.69994466,17.4,2,"K02838.02,K02838.01",4.77466043,7.69994466,17.4,not_in_previous_592_target_launch,2,62.6,2.85,1
23,K00089,8056665,thin,multi,0.0489,1,K00089.01,84.6877524,84.6877524,95.1,1,K00089.01,84.6877524,84.6877524,95.1,not_in_previous_592_target_launch,2,426.4,2.85,1
30,K00972,11013201,thin,multi,0.0543,2,"K00972.02,K00972.01",7.82187328,13.118962443,267.4,2,"K00972.02,K00972.01",7.82187328,13.118962443,267.4,not_in_previous_592_target_launch,2,207.2,2.85,1
34,K02011,5384079,thin,multi,0.0949,2,"K02011.01,K02011.02",7.05675145,17.2653659,25.2,2,"K02011.01,K02011.02",7.05675145,17.2653659,25.2,not_in_previous_592_target_launch,2,98.95,2.85,1
40,K03341,5621333,thin,multi,0.2975,2,"K03341.02,K03341.01",11.5474983,27.0965146,16.4,2,"K03341.02,K03341.01",11.5474983,27.0965146,16.4,not_in_previous_592_target_launch,2,161.95,2.85,1
44,K03500,6058816,thin,multi,0.0781,2,"K03500.02,K03500.01",4.7482669,73.7502765,33.9,2,"K03500.02,K03500.01",4.7482669,73.7502765,33.9,not_in_previous_592_target_launch,2,134.35,2.85,1
46,K04913,5769810,thin,multi,0.0498,2,"K04913.01,K04913.02",6.78788113,8.97377221,9.4,2,"K04913.01,K04913.02",6.78788113,8.97377221,9.4,not_in_previous_592_target_launch,2,89.8,2.85,1
47,K06118,4739229,thin,multi,0.0429,1,K06118.02,4.66185924,4.66185924,15.8,1,K06118.02,4.66185924,4.66185924,15.8,not_in_previous_592_target_launch,2,255.0,2.85,1
1,K01788,2975770,thick,multi,1.0,1,K01788.01,71.52543938,71.52543938,111.3,1,K01788.01,71.52543938,71.52543938,111.3,previously_launched_no_usable_result,2,3425.1,2.7,1
7,K00281,4143755,thick,single,0.5522,1,K00281.01,19.55662003,19.55662003,111.0,1,K00281.01,19.55662003,19.55662003,111.0,previously_launched_no_usable_result,1,298.9,1.55,1
9,K02046,10663396,thick,single,0.9929,1,K02046.01,23.8990075,23.8990075,61.5,1,K02046.01,23.8990075,23.8990075,61.5,previously_launched_no_usable_result,1,293.4,1.55,1
16,K04775,8626325,thick,single,0.9777,1,K04775.01,16.4491515,16.4491515,11.0,1,K04775.01,16.4491515,16.4491515,11.0,previously_launched_no_usable_result,1,70.9,1.55,1
22,K08054,11443757,thick,single,1.0,1,K08054.01,43.9088053,43.9088053,13.7,1,K08054.01,43.9088053,43.9088053,13.7,previously_launched_no_usable_result,1,297.8,1.55,1
88,K02829,6197215,thin,single,0.1473,1,K02829.01,10.61345333,10.61345333,20.0,1,K02829.01,10.61345333,10.61345333,20.0,previously_launched_no_usable_result,1,150.2,1.55,1
122,K05568,8745553,thin,single,0.3267,1,K05568.01,62.134919,62.134919,10.6,1,K05568.01,62.134919,62.134919,10.6,previously_launched_no_usable_result,1,147.5,1.55,1
137,K07882,8364232,thin,single,0.0434,1,K07882.01,65.415183,65.415183,8.9,1,K07882.01,65.415183,65.415183,8.9,previously_launched_no_usable_result,1,417.1,1.55,1
6,K00176,6442377,thick,single,0.91,1,K00176.01,30.22910274,30.22910274,71.7,1,K00176.01,30.22910274,30.22910274,71.7,not_in_previous_592_target_launch,1,443.4,1.35,1
12,K02935,8259713,thick,single,1.0,1,K02935.01,27.8813154,27.8813154,15.5,1,K02935.01,27.8813154,27.8813154,15.5,not_in_previous_592_target_launch,1,209.2,1.35,1
19,K07076,8693536,thick,single,0.7114,1,K07076.01,16.2347636,16.2347636,10.7,1,K07076.01,16.2347636,16.2347636,10.7,not_in_previous_592_target_launch,1,115.5,1.35,1
59,K00629,4656049,thin,single,0.1007,1,K00629.01,40.6992062,40.6992062,38.5,1,K00629.01,40.6992062,40.6992062,38.5,not_in_previous_592_target_launch,1,429.9,1.35,1
61,K00685,7764367,thin,single,0.0654,1,K00685.01,3.173914037,3.173914037,76.1,1,K00685.01,3.173914037,3.173914037,76.1,not_in_previous_592_target_launch,1,303.0,1.35,1
65,K01309,10854768,thin,single,0.0487,1,K01309.01,10.1171684,10.1171684,50.6,1,K01309.01,10.1171684,10.1171684,50.6,not_in_previous_592_target_launch,1,288.7,1.35,1
67,K01622,7287683,thin,single,0.0517,1,K01622.01,69.8347983,69.8347983,46.8,1,K01622.01,69.8347983,69.8347983,46.8,not_in_previous_592_target_launch,1,266.6,1.35,1
70,K01886,9549648,thin,single,0.1952,1,K01886.01,5.99185827,5.99185827,32.1,1,K01886.01,5.99185827,5.99185827,32.1,not_in_previous_592_target_launch,1,186.3,1.35,1
72,K02010,5631630,thin,single,0.0448,1,K02010.01,25.96190067,25.96190067,37.5,1,K02010.01,25.96190067,25.96190067,37.5,not_in_previous_592_target_launch,1,350.3,1.35,1
77,K02149,10617017,thin,single,0.0592,1,K02149.01,13.15140223,13.15140223,25.5,1,K02149.01,13.15140223,13.15140223,25.5,not_in_previous_592_target_launch,1,97.8,1.35,1
79,K02276,3458028,thin,single,0.0437,1,K02276.01,1.442592305,1.442592305,27.1,1,K02276.01,1.442592305,1.442592305,27.1,not_in_previous_592_target_launch,1,166.0,1.35,1
83,K02457,9753154,thin,single,0.0863,1,K02457.01,3.70429015,3.70429015,15.9,1,K02457.01,3.70429015,3.70429015,15.9,not_in_previous_592_target_launch,1,55.7,1.35,1
85,K02632,11337566,thin,single,0.0509,1,K02632.01,7.12815163,7.12815163,22.0,1,K02632.01,7.12815163,7.12815163,22.0,not_in_previous_592_target_launch,1,45.9,1.35,1
89,K02830,9244508,thin,single,0.0916,1,K02830.01,40.5289885,40.5289885,35.3,1,K02830.01,40.5289885,40.5289885,35.3,not_in_previous_592_target_launch,1,360.7,1.35,1
92,K02984,7918652,thin,single,0.0471,1,K02984.01,11.45541896,11.45541896,15.8,1,K02984.01,11.45541896,11.45541896,15.8,not_in_previous_592_target_launch,1,68.6,1.35,1
95,K03165,9579208,thin,single,0.0476,1,K03165.01,4.11754421,4.11754421,22.1,1,K03165.01,4.11754421,4.11754421,22.1,not_in_previous_592_target_launch,1,34.3,1.35,1
97,K03203,3122872,thin,single,0.0654,1,K03203.01,96.81647,96.81647,25.9,1,K03203.01,96.81647,96.81647,25.9,not_in_previous_592_target_launch,1,164.7,1.35,1
98,K03277,3120904,thin,single,0.182,1,K03277.01,42.9136635,42.9136635,18.2,1,K03277.01,42.9136635,42.9136635,18.2,not_in_previous_592_target_launch,1,160.6,1.35,1
100,K03460,9664276,thin,single,0.0803,1,K03460.01,62.596544,62.596544,15.5,1,K03460.01,62.596544,62.596544,15.5,not_in_previous_592_target_launch,1,223.1,1.35,1
102,K03486,8121328,thin,single,0.3149,1,K03486.01,19.0689513,19.0689513,19.1,1,K03486.01,19.0689513,19.0689513,19.1,not_in_previous_592_target_launch,1,169.3,1.35,1
106,K04226,9491832,thin,single,0.1752,1,K04226.01,49.564693,49.564693,15.0,1,K04226.01,49.564693,49.564693,15.0,not_in_previous_592_target_launch,1,113.5,1.35,1
107,K04318,9286088,thin,single,0.0504,1,K04318.01,14.8162925,14.8162925,12.5,1,K04318.01,14.8162925,14.8162925,12.5,not_in_previous_592_target_launch,1,108.2,1.35,1
110,K04377,4945764,thin,single,0.0512,1,K04377.01,19.8751355,19.8751355,15.2,1,K04377.01,19.8751355,19.8751355,15.2,not_in_previous_592_target_launch,1,109.0,1.35,1
112,K04482,7778427,thin,single,0.0663,1,K04482.01,5.38299284,5.38299284,10.7,1,K04482.01,5.38299284,5.38299284,10.7,not_in_previous_592_target_launch,1,35.1,1.35,1
113,K04747,8047428,thin,single,0.0669,1,K04747.01,92.263742,92.263742,12.2,1,K04747.01,92.263742,92.263742,12.2,not_in_previous_592_target_launch,1,296.9,1.35,1
114,K04818,9459162,thin,single,0.0595,1,K04818.01,3.79892774,3.79892774,8.3,1,K04818.01,3.79892774,3.79892774,8.3,not_in_previous_592_target_launch,1,47.0,1.35,1
117,K04977,3425363,thin,single,0.1477,1,K04977.01,25.5338535,25.5338535,8.3,1,K04977.01,25.5338535,25.5338535,8.3,not_in_previous_592_target_launch,1,368.0,1.35,1
118,K05178,5551240,thin,single,0.0492,1,K05178.01,4.13960513,4.13960513,11.6,1,K05178.01,4.13960513,4.13960513,11.6,not_in_previous_592_target_launch,1,106.7,1.35,1
120,K05411,7672215,thin,single,0.0828,1,K05411.01,11.1734401,11.1734401,9.0,1,K05411.01,11.1734401,11.1734401,9.0,not_in_previous_592_target_launch,1,61.3,1.35,1
123,K05748,9993683,thin,single,0.0451,1,K05748.01,29.9371143,29.9371143,11.6,1,K05748.01,29.9371143,29.9371143,11.6,not_in_previous_592_target_launch,1,194.3,1.35,1
127,K06102,3545840,thin,single,0.0727,1,K06102.01,54.2916336,54.2916336,7.9,1,K06102.01,54.2916336,54.2916336,7.9,not_in_previous_592_target_launch,1,97.8,1.35,1
130,K06949,8007675,thin,single,0.0633,1,K06949.01,2.352446342,2.352446342,7.2,1,K06949.01,2.352446342,2.352446342,7.2,not_in_previous_592_target_launch,1,32.5,1.35,1
134,K07572,6876575,thin,single,0.0449,1,K07572.01,91.069934,91.069934,8.7,1,K07572.01,91.069934,91.069934,8.7,not_in_previous_592_target_launch,1,12.7,1.35,1
136,K07780,6451368,thin,single,0.0958,1,K07780.01,5.3360574,5.3360574,7.0,1,K07780.01,5.3360574,5.3360574,7.0,not_in_previous_592_target_launch,1,54.7,1.35,1
140,K08052,11358305,thin,single,0.0751,1,K08052.01,7.8687123,7.8687123,9.1,1,K08052.01,7.8687123,7.8687123,9.1,not_in_previous_592_target_launch,1,89.1,1.35,1
8,K00674,7277317,thick,single,0.8343,1,K00674.01,16.33888067,16.33888067,201.9,1,K00674.01,16.33888067,16.33888067,201.9,previously_launched_no_usable_result,1,1718.4,1.2,1
53,K00134,9032900,thin,single,0.044,1,K00134.01,67.5923754,67.5923754,60.9,1,K00134.01,67.5923754,67.5923754,60.9,previously_launched_no_usable_result,1,4158.1,1.2,1
109,K04363,9776794,thin,single,0.0826,1,K04363.01,18.22211768,18.22211768,15.2,1,K04363.01,18.22211768,18.22211768,15.2,previously_launched_no_usable_result,1,2318.0,1.2,1
128,K06301,2994092,thin,single,0.0577,1,K06301.01,50.271927,50.271927,9.3,1,K06301.01,50.271927,50.271927,9.3,previously_launched_no_usable_result,1,574.5,1.2,1
138,K08007,10403228,thin,single,0.0707,1,K08007.01,67.176626864,67.176626864,5.9,1,K08007.01,67.176626864,67.176626864,5.9,previously_launched_no_usable_result,1,1689.9,1.2,1
50,K00012,5812701,thin,single,0.0494,1,K00012.01,17.855221681,17.855221681,915.7,1,K00012.01,17.855221681,17.855221681,915.7,not_in_previous_592_target_launch,1,9065.2,1.0,1
52,K00131,7778437,thin,single,0.0475,1,K00131.01,5.014234733,5.014234733,794.3,1,K00131.01,5.014234733,5.014234733,794.3,not_in_previous_592_target_launch,1,6536.0,1.0,1
55,K00366,3545478,thin,single,0.2154,1,K00366.01,75.1122132,75.1122132,384.0,1,K00366.01,75.1122132,75.1122132,384.0,not_in_previous_592_target_launch,1,3751.5,1.0,1
62,K00840,5651104,thin,single,0.0485,1,K00840.01,3.04033046,3.04033046,568.2,1,K00840.01,3.04033046,3.04033046,568.2,not_in_previous_592_target_launch,1,10859.0,1.0,1
68,K01814,5621125,thin,single,0.1337,1,K01814.01,14.80075082,14.80075082,54.0,1,K01814.01,14.80075082,14.80075082,54.0,not_in_previous_592_target_launch,1,501.4,1.0,1
75,K02069,11360571,thin,single,0.0468,1,K02069.01,77.2550726,77.2550726,44.0,1,K02069.01,77.2550726,77.2550726,44.0,not_in_previous_592_target_launch,1,589.5,1.0,1
82,K02445,6516185,thin,single,0.2477,1,K02445.01,47.3659328,47.3659328,16.0,1,K02445.01,47.3659328,47.3659328,16.0,not_in_previous_592_target_launch,1,757.0,1.0,1
87,K02728,4178606,thin,single,0.09,1,K02728.01,42.3520039,42.3520039,30.5,1,K02728.01,42.3520039,42.3520039,30.5,not_in_previous_592_target_launch,1,512.6,1.0,1
105,K04166,4078311,thin,single,0.1925,1,K04166.01,9.84262076,9.84262076,16.8,1,K04166.01,9.84262076,9.84262076,16.8,not_in_previous_592_target_launch,1,626.4,1.0,1
