stage,population,model,n_planets,estimate,lower,upper
recovered_all,all,rayleigh,2465,0.213779965953242,0.209477304647997,0.2181894251660706
recovered_all,all,beta_map,2465,0.14305761918182272,,
recovered_all,thick_singles,rayleigh,269,0.23407205501632583,0.22004767033529524,0.24899953233861177
recovered_all,thick_singles,beta_map,269,0.15025235307089185,,
recovered_all,thin_singles,rayleigh,1109,0.24599718786463912,0.2391291339892015,0.2531049633031283
recovered_all,thin_singles,beta_map,1109,0.1767655787939833,,
recovered_all,thick_multis,rayleigh,209,0.14081018270428372,0.12896462474290596,0.15415048147478605
recovered_all,thick_multis,beta_map,209,0.08872764842670379,,
recovered_all,thin_multis,rayleigh,878,0.17128922663143184,0.1651709856332555,0.17769066322553215
recovered_all,thin_multis,beta_map,878,0.10876627372043998,,
recovered_koi_prad_lt_3p5,all,rayleigh,2144,0.18221418320553964,0.17777246915408065,0.18678037770985303
recovered_koi_prad_lt_3p5,all,beta_map,2144,0.1168618344245628,,
recovered_koi_prad_lt_3p5,thick_singles,rayleigh,234,0.20447686848568686,0.18979777717537008,0.22033055930924755
recovered_koi_prad_lt_3p5,thick_singles,beta_map,234,0.12797516227678757,,
recovered_koi_prad_lt_3p5,thin_singles,rayleigh,930,0.19376841238575174,0.18644523873796562,0.20139639564859646
recovered_koi_prad_lt_3p5,thin_singles,beta_map,930,0.1306869163526023,,
recovered_koi_prad_lt_3p5,thick_multis,rayleigh,193,0.13974914111746053,0.12821520483224388,0.15272858238877854
recovered_koi_prad_lt_3p5,thick_multis,beta_map,193,0.08372572397272676,,
recovered_koi_prad_lt_3p5,thin_multis,rayleigh,787,0.17475895031378622,0.16823431785378062,0.1815940049868016
recovered_koi_prad_lt_3p5,thin_multis,beta_map,787,0.10798426674382744,,
recovered_berger_ror_lt_3p5,all,rayleigh,2153,0.1763264701801686,0.17195009624722993,0.18083387103839094
recovered_berger_ror_lt_3p5,all,beta_map,2153,0.11239041500701666,,
recovered_berger_ror_lt_3p5,thick_singles,rayleigh,229,0.14894266095586417,0.1343358736451596,0.1652925730200474
recovered_berger_ror_lt_3p5,thick_singles,beta_map,229,0.09689275603009025,,
recovered_berger_ror_lt_3p5,thin_singles,rayleigh,926,0.19992566584493562,0.19265857377183665,0.20749228910385512
recovered_berger_ror_lt_3p5,thin_singles,beta_map,926,0.13407782314502273,,
recovered_berger_ror_lt_3p5,thick_multis,rayleigh,194,0.14086321987699474,0.12920984397090157,0.15397069695663482
recovered_berger_ror_lt_3p5,thick_multis,beta_map,194,0.08490356764059943,,
recovered_berger_ror_lt_3p5,thin_multis,rayleigh,804,0.16334216038309818,0.15702127717763073,0.16996333269030278
recovered_berger_ror_lt_3p5,thin_multis,beta_map,804,0.1007901276941089,,
gilbert_small_prefit_intersection,all,rayleigh,1261,0.11677136218706557,0.11203738736332007,0.12172064067852258
gilbert_small_prefit_intersection,all,beta_map,1261,0.06950569271998892,,
gilbert_small_prefit_intersection,thick_singles,rayleigh,118,0.08103321172389574,0.06298732056069692,0.10143178867471368
gilbert_small_prefit_intersection,thick_singles,beta_map,118,0.08237610932179036,,
gilbert_small_prefit_intersection,thin_singles,rayleigh,509,0.11130343605906973,0.10249547580937439,0.12074358129561771
gilbert_small_prefit_intersection,thin_singles,beta_map,509,0.07625823455387003,,
gilbert_small_prefit_intersection,thick_multis,rayleigh,131,0.13931579684914963,0.12550668709248258,0.1553789359955528
gilbert_small_prefit_intersection,thick_multis,beta_map,131,0.07325245690033594,,
gilbert_small_prefit_intersection,thin_multis,rayleigh,503,0.11723637867939014,0.11060142056854642,0.12435210600194911
gilbert_small_prefit_intersection,thin_multis,beta_map,503,0.06451831350559438,,
gilbert_small_postfit_intersection,all,rayleigh,1164,0.06965648181351977,0.0653819763166238,0.07419953483437389
gilbert_small_postfit_intersection,all,beta_map,1164,0.04868687114504138,,
gilbert_small_postfit_intersection,thick_singles,rayleigh,101,0.07292911703115622,0.055973002787187004,0.09291687210697509
gilbert_small_postfit_intersection,thick_singles,beta_map,101,0.07298809614302353,,
gilbert_small_postfit_intersection,thin_singles,rayleigh,451,0.10347135042541068,0.09421818924880399,0.11346505493166403
gilbert_small_postfit_intersection,thin_singles,beta_map,451,0.07146893063247904,,
gilbert_small_postfit_intersection,thick_multis,rayleigh,123,0.04071665548145285,0.030491918561655312,0.053383988540849414
gilbert_small_postfit_intersection,thick_multis,beta_map,123,0.03782663923717033,,
gilbert_small_postfit_intersection,thin_multis,rayleigh,489,0.03946079569735213,0.034118946274613635,0.04544259800817195
gilbert_small_postfit_intersection,thin_multis,beta_map,489,0.034877793022008,,
gilbert_cumulative_through_qc_unavailable,all,rayleigh,1261,0.11677136218706557,0.11203738736332007,0.12172064067852258
gilbert_cumulative_through_qc_unavailable,all,beta_map,1261,0.06950569271998892,,
gilbert_cumulative_through_qc_unavailable,thick_singles,rayleigh,118,0.08103321172389574,0.06298732056069692,0.10143178867471368
gilbert_cumulative_through_qc_unavailable,thick_singles,beta_map,118,0.08237610932179036,,
gilbert_cumulative_through_qc_unavailable,thin_singles,rayleigh,509,0.11130343605906973,0.10249547580937439,0.12074358129561771
gilbert_cumulative_through_qc_unavailable,thin_singles,beta_map,509,0.07625823455387003,,
gilbert_cumulative_through_qc_unavailable,thick_multis,rayleigh,131,0.13931579684914963,0.12550668709248258,0.1553789359955528
gilbert_cumulative_through_qc_unavailable,thick_multis,beta_map,131,0.07325245690033594,,
gilbert_cumulative_through_qc_unavailable,thin_multis,rayleigh,503,0.11723637867939014,0.11060142056854642,0.12435210600194911
gilbert_cumulative_through_qc_unavailable,thin_multis,beta_map,503,0.06451831350559438,,
gilbert_cumulative_through_grazing,all,rayleigh,1171,0.09076346491491628,0.086310760749473,0.09547454115968777
gilbert_cumulative_through_grazing,all,beta_map,1171,0.05580332725799588,,
gilbert_cumulative_through_grazing,thick_singles,rayleigh,102,0.0733640277859001,0.05631523929672967,0.09346808034821628
gilbert_cumulative_through_grazing,thick_singles,beta_map,102,0.07275404192554318,,
gilbert_cumulative_through_grazing,thin_singles,rayleigh,456,0.10363377655669542,0.09435435669219089,0.11364689697102472
gilbert_cumulative_through_grazing,thin_singles,beta_map,456,0.07154031806334103,,
gilbert_cumulative_through_grazing,thick_multis,rayleigh,124,0.14064972660546324,0.1266220695072595,0.1569953087238253
gilbert_cumulative_through_grazing,thick_multis,beta_map,124,0.07348203014250164,,
gilbert_cumulative_through_grazing,thin_multis,rayleigh,489,0.03946079569735213,0.034118946274613635,0.04544259800817195
gilbert_cumulative_through_grazing,thin_multis,beta_map,489,0.034877793022008,,
gilbert_cumulative_through_planet_radius_precision,all,rayleigh,1171,0.09076346491491628,0.086310760749473,0.09547454115968777
gilbert_cumulative_through_planet_radius_precision,all,beta_map,1171,0.05580332725799588,,
gilbert_cumulative_through_planet_radius_precision,thick_singles,rayleigh,102,0.0733640277859001,0.05631523929672967,0.09346808034821628
gilbert_cumulative_through_planet_radius_precision,thick_singles,beta_map,102,0.07275404192554318,,
gilbert_cumulative_through_planet_radius_precision,thin_singles,rayleigh,456,0.10363377655669542,0.09435435669219089,0.11364689697102472
gilbert_cumulative_through_planet_radius_precision,thin_singles,beta_map,456,0.07154031806334103,,
gilbert_cumulative_through_planet_radius_precision,thick_multis,rayleigh,124,0.14064972660546324,0.1266220695072595,0.1569953087238253
gilbert_cumulative_through_planet_radius_precision,thick_multis,beta_map,124,0.07348203014250164,,
gilbert_cumulative_through_planet_radius_precision,thin_multis,rayleigh,489,0.03946079569735213,0.034118946274613635,0.04544259800817195
gilbert_cumulative_through_planet_radius_precision,thin_multis,beta_map,489,0.034877793022008,,
gilbert_cumulative_through_density_asymmetry,all,rayleigh,1165,0.09070185263342807,0.08625493560250272,0.09540416519144684
gilbert_cumulative_through_density_asymmetry,all,beta_map,1165,0.05578021770552424,,
gilbert_cumulative_through_density_asymmetry,thick_singles,rayleigh,101,0.07292911703115622,0.055973002787187004,0.09291687210697509
gilbert_cumulative_through_density_asymmetry,thick_singles,beta_map,101,0.07298809614302353,,
gilbert_cumulative_through_density_asymmetry,thin_singles,rayleigh,451,0.10347135042541068,0.09421818924880399,0.11346505493166403
gilbert_cumulative_through_density_asymmetry,thin_singles,beta_map,451,0.07146893063247904,,
gilbert_cumulative_through_density_asymmetry,thick_multis,rayleigh,124,0.14064972660546324,0.1266220695072595,0.1569953087238253
gilbert_cumulative_through_density_asymmetry,thick_multis,beta_map,124,0.07348203014250164,,
gilbert_cumulative_through_density_asymmetry,thin_multis,rayleigh,489,0.03946079569735213,0.034118946274613635,0.04544259800817195
gilbert_cumulative_through_density_asymmetry,thin_multis,beta_map,489,0.034877793022008,,
gilbert_cumulative_through_importance_viability,all,rayleigh,1164,0.06965648181351977,0.0653819763166238,0.07419953483437389
gilbert_cumulative_through_importance_viability,all,beta_map,1164,0.04868687114504138,,
gilbert_cumulative_through_importance_viability,thick_singles,rayleigh,101,0.07292911703115622,0.055973002787187004,0.09291687210697509
gilbert_cumulative_through_importance_viability,thick_singles,beta_map,101,0.07298809614302353,,
gilbert_cumulative_through_importance_viability,thin_singles,rayleigh,451,0.10347135042541068,0.09421818924880399,0.11346505493166403
gilbert_cumulative_through_importance_viability,thin_singles,beta_map,451,0.07146893063247904,,
gilbert_cumulative_through_importance_viability,thick_multis,rayleigh,123,0.04071665548145285,0.030491918561655312,0.053383988540849414
gilbert_cumulative_through_importance_viability,thick_multis,beta_map,123,0.03782663923717033,,
gilbert_cumulative_through_importance_viability,thin_multis,rayleigh,489,0.03946079569735213,0.034118946274613635,0.04544259800817195
gilbert_cumulative_through_importance_viability,thin_multis,beta_map,489,0.034877793022008,,
