target_index,koi_target,kepid,disk,system,P_thick,missing_planets,missing_kepoi_names,min_missing_period,max_missing_period,max_missing_snr,target_sample_planets,all_kepoi_names,min_period,max_period,max_snr,prior_launch_status,population,recovery_class,canonical_action
0,K01602,4860678,thick,multi,0.9997,2,"K01602.02,K01602.01",3.03359398,9.97716876,21.8,2,"K01602.02,K01602.01",3.03359398,9.97716876,21.8,not_in_previous_592_target_launch,thick_multis,A_never_attempted_snr_ge_20,canonical_run
1,K01788,2975770,thick,multi,1.0,1,K01788.01,71.52543938,71.52543938,111.3,1,K01788.01,71.52543938,71.52543938,111.3,previously_launched_no_usable_result,thick_multis,C_prior_failed_snr_ge_20,canonical_run_then_seeded_retry
2,K02175,9022166,thick,multi,0.8953,2,"K02175.01,K02175.02",26.8475962,72.3826983,39.2,2,"K02175.01,K02175.02",26.8475962,72.3826983,39.2,previously_launched_no_usable_result,thick_multis,C_prior_failed_snr_ge_20,canonical_run_then_seeded_retry
3,K02838,6607357,thick,multi,0.9933,2,"K02838.02,K02838.01",4.77466043,7.69994466,17.4,2,"K02838.02,K02838.01",4.77466043,7.69994466,17.4,not_in_previous_592_target_launch,thick_multis,B_never_attempted_snr_lt_20,canonical_run_then_visual_qc
4,K05475,8105398,thick,multi,0.6535,1,K05475.02,5.68325648,5.68325648,10.0,1,K05475.02,5.68325648,5.68325648,10.0,not_in_previous_592_target_launch,thick_multis,B_never_attempted_snr_lt_20,canonical_run_then_visual_qc
5,K00097,5780885,thick,single,0.998,1,K00097.01,4.885488596,4.885488596,2590.1,1,K00097.01,4.885488596,4.885488596,2590.1,not_in_previous_592_target_launch,thick_singles,A_never_attempted_snr_ge_20,canonical_run
6,K00176,6442377,thick,single,0.91,1,K00176.01,30.22910274,30.22910274,71.7,1,K00176.01,30.22910274,30.22910274,71.7,not_in_previous_592_target_launch,thick_singles,A_never_attempted_snr_ge_20,canonical_run
7,K00281,4143755,thick,single,0.5522,1,K00281.01,19.55662003,19.55662003,111.0,1,K00281.01,19.55662003,19.55662003,111.0,previously_launched_no_usable_result,thick_singles,C_prior_failed_snr_ge_20,canonical_run_then_seeded_retry
8,K00674,7277317,thick,single,0.8343,1,K00674.01,16.33888067,16.33888067,201.9,1,K00674.01,16.33888067,16.33888067,201.9,previously_launched_no_usable_result,thick_singles,C_prior_failed_snr_ge_20,canonical_run_then_seeded_retry
9,K02046,10663396,thick,single,0.9929,1,K02046.01,23.8990075,23.8990075,61.5,1,K02046.01,23.8990075,23.8990075,61.5,previously_launched_no_usable_result,thick_singles,C_prior_failed_snr_ge_20,canonical_run_then_seeded_retry
10,K02516,7294743,thick,single,0.522,1,K02516.01,2.81043228,2.81043228,17.8,1,K02516.01,2.81043228,2.81043228,17.8,not_in_previous_592_target_launch,thick_singles,B_never_attempted_snr_lt_20,canonical_run_then_visual_qc
11,K02524,7515762,thick,single,0.9999,1,K02524.01,40.9905002,40.9905002,15.4,1,K02524.01,40.9905002,40.9905002,15.4,previously_launched_no_usable_result,thick_singles,D_prior_failed_snr_lt_20,canonical_run_then_seeded_retry_and_visual_qc
12,K02935,8259713,thick,single,1.0,1,K02935.01,27.8813154,27.8813154,15.5,1,K02935.01,27.8813154,27.8813154,15.5,not_in_previous_592_target_launch,thick_singles,B_never_attempted_snr_lt_20,canonical_run_then_visual_qc
13,K04189,9897364,thick,single,0.9964,1,K04189.01,64.2729088,64.2729088,27.4,1,K04189.01,64.2729088,64.2729088,27.4,previously_launched_no_usable_result,thick_singles,C_prior_failed_snr_ge_20,canonical_run_then_seeded_retry
14,K04267,7450747,thick,single,0.9982,1,K04267.01,2.20829637,2.20829637,12.0,1,K04267.01,2.20829637,2.20829637,12.0,not_in_previous_592_target_launch,thick_singles,B_never_attempted_snr_lt_20,canonical_run_then_visual_qc
15,K04523,8700895,thick,single,0.9999,1,K04523.01,5.68251605,5.68251605,9.4,1,K04523.01,5.68251605,5.68251605,9.4,not_in_previous_592_target_launch,thick_singles,B_never_attempted_snr_lt_20,canonical_run_then_visual_qc
16,K04775,8626325,thick,single,0.9777,1,K04775.01,16.4491515,16.4491515,11.0,1,K04775.01,16.4491515,16.4491515,11.0,previously_launched_no_usable_result,thick_singles,D_prior_failed_snr_lt_20,canonical_run_then_seeded_retry_and_visual_qc
17,K04793,6220312,thick,single,1.0,1,K04793.01,5.2736268,5.2736268,8.7,1,K04793.01,5.2736268,5.2736268,8.7,not_in_previous_592_target_launch,thick_singles,B_never_attempted_snr_lt_20,canonical_run_then_visual_qc
18,K05046,4164511,thick,single,0.808,1,K05046.01,40.9882124,40.9882124,11.3,1,K05046.01,40.9882124,40.9882124,11.3,not_in_previous_592_target_launch,thick_singles,B_never_attempted_snr_lt_20,canonical_run_then_visual_qc
19,K07076,8693536,thick,single,0.7114,1,K07076.01,16.2347636,16.2347636,10.7,1,K07076.01,16.2347636,16.2347636,10.7,not_in_previous_592_target_launch,thick_singles,B_never_attempted_snr_lt_20,canonical_run_then_visual_qc
20,K07506,12016243,thick,single,0.7128,1,K07506.01,11.8436119,11.8436119,10.4,1,K07506.01,11.8436119,11.8436119,10.4,previously_launched_no_usable_result,thick_singles,D_prior_failed_snr_lt_20,canonical_run_then_seeded_retry_and_visual_qc
21,K07991,10198225,thick,single,0.7503,1,K07991.01,11.9451376,11.9451376,12.4,1,K07991.01,11.9451376,11.9451376,12.4,previously_launched_no_usable_result,thick_singles,D_prior_failed_snr_lt_20,canonical_run_then_seeded_retry_and_visual_qc
22,K08054,11443757,thick,single,1.0,1,K08054.01,43.9088053,43.9088053,13.7,1,K08054.01,43.9088053,43.9088053,13.7,previously_launched_no_usable_result,thick_singles,D_prior_failed_snr_lt_20,canonical_run_then_seeded_retry_and_visual_qc
23,K00089,8056665,thin,multi,0.0489,1,K00089.01,84.6877524,84.6877524,95.1,1,K00089.01,84.6877524,84.6877524,95.1,not_in_previous_592_target_launch,thin_multis,A_never_attempted_snr_ge_20,canonical_run
24,K00094,6462863,thin,multi,0.1353,4,"K00094.04,K00094.02,K00094.01,K00094.03",3.743166733,54.31996151,1118.9,4,"K00094.04,K00094.02,K00094.01,K00094.03",3.743166733,54.31996151,1118.9,not_in_previous_592_target_launch,thin_multis,A_never_attempted_snr_ge_20,canonical_run
25,K00152,8394721,thin,multi,0.0711,4,"K00152.03,K00152.02,K00152.01,K00152.04",13.48457668,81.0637895,243.5,4,"K00152.03,K00152.02,K00152.01,K00152.04",13.48457668,81.0637895,243.5,not_in_previous_592_target_launch,thin_multis,A_never_attempted_snr_ge_20,canonical_run
26,K00238,7219825,thin,multi,0.0492,2,"K00238.01,K00238.02",17.23232894,26.6951944,64.1,2,"K00238.01,K00238.02",17.23232894,26.6951944,64.1,not_in_previous_592_target_launch,thin_multis,A_never_attempted_snr_ge_20,canonical_run
27,K00285,6196457,thin,multi,0.1961,3,"K00285.01,K00285.02,K00285.03",13.74883059,49.3567907,167.6,3,"K00285.01,K00285.02,K00285.03",13.74883059,49.3567907,167.6,not_in_previous_592_target_launch,thin_multis,A_never_attempted_snr_ge_20,canonical_run
28,K00317,8121310,thin,multi,0.1301,2,"K00317.02,K00317.01",11.505879,22.20809549,92.7,2,"K00317.02,K00317.01",11.505879,22.20809549,92.7,not_in_previous_592_target_launch,thin_multis,A_never_attempted_snr_ge_20,canonical_run
29,K00649,5613330,thin,multi,0.0446,2,"K00649.02,K00649.01",10.2090268,23.44970494,67.9,2,"K00649.02,K00649.01",10.2090268,23.44970494,67.9,previously_launched_no_usable_result,thin_multis,C_prior_failed_snr_ge_20,canonical_run_then_seeded_retry
30,K00972,11013201,thin,multi,0.0543,2,"K00972.02,K00972.01",7.82187328,13.118962443,267.4,2,"K00972.02,K00972.01",7.82187328,13.118962443,267.4,not_in_previous_592_target_launch,thin_multis,A_never_attempted_snr_ge_20,canonical_run
31,K01221,3640905,thin,multi,0.1105,2,"K01221.01,K01221.02",30.1599411,51.0771048,32.3,2,"K01221.01,K01221.02",30.1599411,51.0771048,32.3,previously_launched_no_usable_result,thin_multis,C_prior_failed_snr_ge_20,canonical_run_then_seeded_retry
32,K01525,7869917,thin,multi,0.0826,2,"K01525.01,K01525.02",7.71467686,11.8061737,33.3,2,"K01525.01,K01525.02",7.71467686,11.8061737,33.3,not_in_previous_592_target_launch,thin_multis,A_never_attempted_snr_ge_20,canonical_run
33,K01932,5202905,thin,multi,0.0461,2,"K01932.02,K01932.01",14.8444836,22.8245144,15.9,2,"K01932.02,K01932.01",14.8444836,22.8245144,15.9,not_in_previous_592_target_launch,thin_multis,B_never_attempted_snr_lt_20,canonical_run_then_visual_qc
34,K02011,5384079,thin,multi,0.0949,2,"K02011.01,K02011.02",7.05675145,17.2653659,25.2,2,"K02011.01,K02011.02",7.05675145,17.2653659,25.2,not_in_previous_592_target_launch,thin_multis,A_never_attempted_snr_ge_20,canonical_run
35,K02243,4770617,thin,multi,0.0471,3,"K02243.01,K02243.02,K02243.03",5.18560081,31.4452709,27.6,3,"K02243.01,K02243.02,K02243.03",5.18560081,31.4452709,27.6,not_in_previous_592_target_launch,thin_multis,A_never_attempted_snr_ge_20,canonical_run
36,K02610,2305866,thin,multi,0.0448,1,K02610.01,24.1073172,24.1073172,23.6,1,K02610.01,24.1073172,24.1073172,23.6,not_in_previous_592_target_launch,thin_multis,A_never_attempted_snr_ge_20,canonical_run
37,K02696,11071200,thin,multi,0.0487,2,"K02696.02,K02696.01",44.5643831,96.4562198,54.6,2,"K02696.02,K02696.01",44.5643831,96.4562198,54.6,not_in_previous_592_target_launch,thin_multis,A_never_attempted_snr_ge_20,canonical_run
38,K03209,7017274,thin,multi,0.0532,2,"K03209.02,K03209.01",6.77067637,11.91256675,27.8,2,"K03209.02,K03209.01",6.77067637,11.91256675,27.8,not_in_previous_592_target_launch,thin_multis,A_never_attempted_snr_ge_20,canonical_run
39,K03226,5544450,thin,multi,0.0642,1,K03226.02,6.93650854,6.93650854,11.3,1,K03226.02,6.93650854,6.93650854,11.3,not_in_previous_592_target_launch,thin_multis,B_never_attempted_snr_lt_20,canonical_run_then_visual_qc
40,K03341,5621333,thin,multi,0.2975,2,"K03341.02,K03341.01",11.5474983,27.0965146,16.4,2,"K03341.02,K03341.01",11.5474983,27.0965146,16.4,not_in_previous_592_target_launch,thin_multis,B_never_attempted_snr_lt_20,canonical_run_then_visual_qc
41,K03398,3561464,thin,multi,0.3682,3,"K03398.03,K03398.01,K03398.02",4.32710579,35.8007112,25.0,3,"K03398.03,K03398.01,K03398.02",4.32710579,35.8007112,25.0,not_in_previous_592_target_launch,thin_multis,A_never_attempted_snr_ge_20,canonical_run
42,K03425,9117416,thin,multi,0.274,3,"K03425.02,K03425.03,K03425.01",3.15722086,20.034708,22.9,3,"K03425.02,K03425.03,K03425.01",3.15722086,20.034708,22.9,not_in_previous_592_target_launch,thin_multis,A_never_attempted_snr_ge_20,canonical_run
43,K03496,7517261,thin,multi,0.0752,2,"K03496.02,K03496.01",8.5433774,23.2385587,15.5,2,"K03496.02,K03496.01",8.5433774,23.2385587,15.5,not_in_previous_592_target_launch,thin_multis,B_never_attempted_snr_lt_20,canonical_run_then_visual_qc
44,K03500,6058816,thin,multi,0.0781,2,"K03500.02,K03500.01",4.7482669,73.7502765,33.9,2,"K03500.02,K03500.01",4.7482669,73.7502765,33.9,not_in_previous_592_target_launch,thin_multis,A_never_attempted_snr_ge_20,canonical_run
45,K04773,7906892,thin,multi,0.4214,2,"K04773.01,K04773.02",8.8493948,11.1438086,12.1,2,"K04773.01,K04773.02",8.8493948,11.1438086,12.1,not_in_previous_592_target_launch,thin_multis,B_never_attempted_snr_lt_20,canonical_run_then_visual_qc
46,K04913,5769810,thin,multi,0.0498,2,"K04913.01,K04913.02",6.78788113,8.97377221,9.4,2,"K04913.01,K04913.02",6.78788113,8.97377221,9.4,not_in_previous_592_target_launch,thin_multis,B_never_attempted_snr_lt_20,canonical_run_then_visual_qc
47,K06118,4739229,thin,multi,0.0429,1,K06118.02,4.66185924,4.66185924,15.8,1,K06118.02,4.66185924,4.66185924,15.8,not_in_previous_592_target_launch,thin_multis,B_never_attempted_snr_lt_20,canonical_run_then_visual_qc
48,K06168,7974634,thin,multi,0.062,1,K06168.02,75.072964,75.072964,7.1,1,K06168.02,75.072964,75.072964,7.1,not_in_previous_592_target_launch,thin_multis,B_never_attempted_snr_lt_20,canonical_run_then_visual_qc
49,K00004,3861595,thin,single,0.0475,1,K00004.01,3.849371737,3.849371737,132.7,1,K00004.01,3.849371737,3.849371737,132.7,not_in_previous_592_target_launch,thin_singles,A_never_attempted_snr_ge_20,canonical_run
50,K00012,5812701,thin,single,0.0494,1,K00012.01,17.855221681,17.855221681,915.7,1,K00012.01,17.855221681,17.855221681,915.7,not_in_previous_592_target_launch,thin_singles,A_never_attempted_snr_ge_20,canonical_run
51,K00107,11250587,thin,single,0.1944,1,K00107.01,7.256962446,7.256962446,168.3,1,K00107.01,7.256962446,7.256962446,168.3,not_in_previous_592_target_launch,thin_singles,A_never_attempted_snr_ge_20,canonical_run
52,K00131,7778437,thin,single,0.0475,1,K00131.01,5.014234733,5.014234733,794.3,1,K00131.01,5.014234733,5.014234733,794.3,not_in_previous_592_target_launch,thin_singles,A_never_attempted_snr_ge_20,canonical_run
53,K00134,9032900,thin,single,0.044,1,K00134.01,67.5923754,67.5923754,60.9,1,K00134.01,67.5923754,67.5923754,60.9,previously_launched_no_usable_result,thin_singles,C_prior_failed_snr_ge_20,canonical_run_then_seeded_retry
54,K00155,8030148,thin,single,0.0857,1,K00155.01,5.660669429,5.660669429,201.1,1,K00155.01,5.660669429,5.660669429,201.1,not_in_previous_592_target_launch,thin_singles,A_never_attempted_snr_ge_20,canonical_run
55,K00366,3545478,thin,single,0.2154,1,K00366.01,75.1122132,75.1122132,384.0,1,K00366.01,75.1122132,75.1122132,384.0,not_in_previous_592_target_launch,thin_singles,A_never_attempted_snr_ge_20,canonical_run
56,K00393,3964109,thin,single,0.0869,1,K00393.01,21.41624083,21.41624083,42.7,1,K00393.01,21.41624083,21.41624083,42.7,not_in_previous_592_target_launch,thin_singles,A_never_attempted_snr_ge_20,canonical_run
57,K00501,4951877,thin,single,0.0571,1,K00501.01,24.7962801,24.7962801,43.6,1,K00501.01,24.7962801,24.7962801,43.6,previously_launched_no_usable_result,thin_singles,C_prior_failed_snr_ge_20,canonical_run_then_seeded_retry
58,K00611,6309763,thin,single,0.0587,1,K00611.01,3.251659087,3.251659087,466.2,1,K00611.01,3.251659087,3.251659087,466.2,not_in_previous_592_target_launch,thin_singles,A_never_attempted_snr_ge_20,canonical_run
59,K00629,4656049,thin,single,0.1007,1,K00629.01,40.6992062,40.6992062,38.5,1,K00629.01,40.6992062,40.6992062,38.5,not_in_previous_592_target_launch,thin_singles,A_never_attempted_snr_ge_20,canonical_run
60,K00673,7124613,thin,single,0.0504,1,K00673.01,4.41746257,4.41746257,22.6,1,K00673.01,4.41746257,4.41746257,22.6,not_in_previous_592_target_launch,thin_singles,A_never_attempted_snr_ge_20,canonical_run
61,K00685,7764367,thin,single,0.0654,1,K00685.01,3.173914037,3.173914037,76.1,1,K00685.01,3.173914037,3.173914037,76.1,not_in_previous_592_target_launch,thin_singles,A_never_attempted_snr_ge_20,canonical_run
62,K00840,5651104,thin,single,0.0485,1,K00840.01,3.04033046,3.04033046,568.2,1,K00840.01,3.04033046,3.04033046,568.2,not_in_previous_592_target_launch,thin_singles,A_never_attempted_snr_ge_20,canonical_run
63,K01117,3114811,thin,single,0.1822,1,K01117.01,11.08956602,11.08956602,38.9,1,K01117.01,11.08956602,11.08956602,38.9,not_in_previous_592_target_launch,thin_singles,A_never_attempted_snr_ge_20,canonical_run
64,K01154,10295951,thin,single,0.0448,1,K01154.01,6.810823723,6.810823723,1441.9,1,K01154.01,6.810823723,6.810823723,1441.9,not_in_previous_592_target_launch,thin_singles,A_never_attempted_snr_ge_20,canonical_run
65,K01309,10854768,thin,single,0.0487,1,K01309.01,10.1171684,10.1171684,50.6,1,K01309.01,10.1171684,10.1171684,50.6,not_in_previous_592_target_launch,thin_singles,A_never_attempted_snr_ge_20,canonical_run
66,K01597,5039228,thin,single,0.0479,1,K01597.01,7.79668781,7.79668781,48.5,1,K01597.01,7.79668781,7.79668781,48.5,not_in_previous_592_target_launch,thin_singles,A_never_attempted_snr_ge_20,canonical_run
67,K01622,7287683,thin,single,0.0517,1,K01622.01,69.8347983,69.8347983,46.8,1,K01622.01,69.8347983,69.8347983,46.8,not_in_previous_592_target_launch,thin_singles,A_never_attempted_snr_ge_20,canonical_run
68,K01814,5621125,thin,single,0.1337,1,K01814.01,14.80075082,14.80075082,54.0,1,K01814.01,14.80075082,14.80075082,54.0,not_in_previous_592_target_launch,thin_singles,A_never_attempted_snr_ge_20,canonical_run
69,K01852,9763348,thin,single,0.0567,1,K01852.01,15.77382794,15.77382794,30.4,1,K01852.01,15.77382794,15.77382794,30.4,not_in_previous_592_target_launch,thin_singles,A_never_attempted_snr_ge_20,canonical_run
70,K01886,9549648,thin,single,0.1952,1,K01886.01,5.99185827,5.99185827,32.1,1,K01886.01,5.99185827,5.99185827,32.1,not_in_previous_592_target_launch,thin_singles,A_never_attempted_snr_ge_20,canonical_run
71,K01921,7755636,thin,single,0.1042,1,K01921.01,16.00496657,16.00496657,49.8,1,K01921.01,16.00496657,16.00496657,49.8,not_in_previous_592_target_launch,thin_singles,A_never_attempted_snr_ge_20,canonical_run
72,K02010,5631630,thin,single,0.0448,1,K02010.01,25.96190067,25.96190067,37.5,1,K02010.01,25.96190067,25.96190067,37.5,not_in_previous_592_target_launch,thin_singles,A_never_attempted_snr_ge_20,canonical_run
73,K02016,8492026,thin,single,0.0677,1,K02016.01,4.30656389,4.30656389,39.8,1,K02016.01,4.30656389,4.30656389,39.8,previously_launched_no_usable_result,thin_singles,C_prior_failed_snr_ge_20,canonical_run_then_seeded_retry
74,K02042,9111849,thin,single,0.0482,1,K02042.01,63.0732241,63.0732241,30.0,1,K02042.01,63.0732241,63.0732241,30.0,not_in_previous_592_target_launch,thin_singles,A_never_attempted_snr_ge_20,canonical_run
75,K02069,11360571,thin,single,0.0468,1,K02069.01,77.2550726,77.2550726,44.0,1,K02069.01,77.2550726,77.2550726,44.0,not_in_previous_592_target_launch,thin_singles,A_never_attempted_snr_ge_20,canonical_run
76,K02138,5022828,thin,single,0.0458,1,K02138.01,23.5541012,23.5541012,29.9,1,K02138.01,23.5541012,23.5541012,29.9,not_in_previous_592_target_launch,thin_singles,A_never_attempted_snr_ge_20,canonical_run
77,K02149,10617017,thin,single,0.0592,1,K02149.01,13.15140223,13.15140223,25.5,1,K02149.01,13.15140223,13.15140223,25.5,not_in_previous_592_target_launch,thin_singles,A_never_attempted_snr_ge_20,canonical_run
78,K02198,11075429,thin,single,0.0871,1,K02198.01,23.9210408,23.9210408,21.9,1,K02198.01,23.9210408,23.9210408,21.9,not_in_previous_592_target_launch,thin_singles,A_never_attempted_snr_ge_20,canonical_run
79,K02276,3458028,thin,single,0.0437,1,K02276.01,1.442592305,1.442592305,27.1,1,K02276.01,1.442592305,1.442592305,27.1,not_in_previous_592_target_launch,thin_singles,A_never_attempted_snr_ge_20,canonical_run
80,K02370,5385304,thin,single,0.0508,1,K02370.01,78.7327023,78.7327023,19.1,1,K02370.01,78.7327023,78.7327023,19.1,not_in_previous_592_target_launch,thin_singles,B_never_attempted_snr_lt_20,canonical_run_then_visual_qc
81,K02401,10336951,thin,single,0.0461,1,K02401.01,38.2292037,38.2292037,21.0,1,K02401.01,38.2292037,38.2292037,21.0,not_in_previous_592_target_launch,thin_singles,A_never_attempted_snr_ge_20,canonical_run
82,K02445,6516185,thin,single,0.2477,1,K02445.01,47.3659328,47.3659328,16.0,1,K02445.01,47.3659328,47.3659328,16.0,not_in_previous_592_target_launch,thin_singles,B_never_attempted_snr_lt_20,canonical_run_then_visual_qc
83,K02457,9753154,thin,single,0.0863,1,K02457.01,3.70429015,3.70429015,15.9,1,K02457.01,3.70429015,3.70429015,15.9,not_in_previous_592_target_launch,thin_singles,B_never_attempted_snr_lt_20,canonical_run_then_visual_qc
84,K02577,12257999,thin,single,0.0426,1,K02577.01,18.55581565,18.55581565,33.2,1,K02577.01,18.55581565,18.55581565,33.2,not_in_previous_592_target_launch,thin_singles,A_never_attempted_snr_ge_20,canonical_run
85,K02632,11337566,thin,single,0.0509,1,K02632.01,7.12815163,7.12815163,22.0,1,K02632.01,7.12815163,7.12815163,22.0,not_in_previous_592_target_launch,thin_singles,A_never_attempted_snr_ge_20,canonical_run
86,K02706,9697131,thin,single,0.08,1,K02706.01,3.09756897,3.09756897,14.6,1,K02706.01,3.09756897,3.09756897,14.6,not_in_previous_592_target_launch,thin_singles,B_never_attempted_snr_lt_20,canonical_run_then_visual_qc
87,K02728,4178606,thin,single,0.09,1,K02728.01,42.3520039,42.3520039,30.5,1,K02728.01,42.3520039,42.3520039,30.5,not_in_previous_592_target_launch,thin_singles,A_never_attempted_snr_ge_20,canonical_run
88,K02829,6197215,thin,single,0.1473,1,K02829.01,10.61345333,10.61345333,20.0,1,K02829.01,10.61345333,10.61345333,20.0,previously_launched_no_usable_result,thin_singles,C_prior_failed_snr_ge_20,canonical_run_then_seeded_retry
89,K02830,9244508,thin,single,0.0916,1,K02830.01,40.5289885,40.5289885,35.3,1,K02830.01,40.5289885,40.5289885,35.3,not_in_previous_592_target_launch,thin_singles,A_never_attempted_snr_ge_20,canonical_run
90,K02914,6837283,thin,single,0.4195,1,K02914.01,21.1181653,21.1181653,26.3,1,K02914.01,21.1181653,21.1181653,26.3,not_in_previous_592_target_launch,thin_singles,A_never_attempted_snr_ge_20,canonical_run
91,K02956,8801316,thin,single,0.2373,1,K02956.01,3.93766786,3.93766786,16.8,1,K02956.01,3.93766786,3.93766786,16.8,not_in_previous_592_target_launch,thin_singles,B_never_attempted_snr_lt_20,canonical_run_then_visual_qc
92,K02984,7918652,thin,single,0.0471,1,K02984.01,11.45541896,11.45541896,15.8,1,K02984.01,11.45541896,11.45541896,15.8,not_in_previous_592_target_launch,thin_singles,B_never_attempted_snr_lt_20,canonical_run_then_visual_qc
93,K03008,9070666,thin,single,0.0587,1,K03008.01,2.99792926,2.99792926,16.0,1,K03008.01,2.99792926,2.99792926,16.0,previously_launched_no_usable_result,thin_singles,D_prior_failed_snr_lt_20,canonical_run_then_seeded_retry_and_visual_qc
94,K03125,8751796,thin,single,0.0725,1,K03125.01,4.45342418,4.45342418,16.3,1,K03125.01,4.45342418,4.45342418,16.3,not_in_previous_592_target_launch,thin_singles,B_never_attempted_snr_lt_20,canonical_run_then_visual_qc
95,K03165,9579208,thin,single,0.0476,1,K03165.01,4.11754421,4.11754421,22.1,1,K03165.01,4.11754421,4.11754421,22.1,not_in_previous_592_target_launch,thin_singles,A_never_attempted_snr_ge_20,canonical_run
96,K03190,5985713,thin,single,0.106,1,K03190.01,8.95294046,8.95294046,13.0,1,K03190.01,8.95294046,8.95294046,13.0,not_in_previous_592_target_launch,thin_singles,B_never_attempted_snr_lt_20,canonical_run_then_visual_qc
97,K03203,3122872,thin,single,0.0654,1,K03203.01,96.81647,96.81647,25.9,1,K03203.01,96.81647,96.81647,25.9,not_in_previous_592_target_launch,thin_singles,A_never_attempted_snr_ge_20,canonical_run
98,K03277,3120904,thin,single,0.182,1,K03277.01,42.9136635,42.9136635,18.2,1,K03277.01,42.9136635,42.9136635,18.2,not_in_previous_592_target_launch,thin_singles,B_never_attempted_snr_lt_20,canonical_run_then_visual_qc
99,K03439,4282191,thin,single,0.0763,1,K03439.01,41.7084063,41.7084063,24.3,1,K03439.01,41.7084063,41.7084063,24.3,not_in_previous_592_target_launch,thin_singles,A_never_attempted_snr_ge_20,canonical_run
100,K03460,9664276,thin,single,0.0803,1,K03460.01,62.596544,62.596544,15.5,1,K03460.01,62.596544,62.596544,15.5,not_in_previous_592_target_launch,thin_singles,B_never_attempted_snr_lt_20,canonical_run_then_visual_qc
101,K03468,5213404,thin,single,0.0518,1,K03468.01,20.7057153,20.7057153,13.5,1,K03468.01,20.7057153,20.7057153,13.5,not_in_previous_592_target_launch,thin_singles,B_never_attempted_snr_lt_20,canonical_run_then_visual_qc
102,K03486,8121328,thin,single,0.3149,1,K03486.01,19.0689513,19.0689513,19.1,1,K03486.01,19.0689513,19.0689513,19.1,not_in_previous_592_target_launch,thin_singles,B_never_attempted_snr_lt_20,canonical_run_then_visual_qc
103,K03728,7515679,thin,single,0.0435,1,K03728.01,5.546083089,5.546083089,56.4,1,K03728.01,5.546083089,5.546083089,56.4,not_in_previous_592_target_launch,thin_singles,A_never_attempted_snr_ge_20,canonical_run
104,K03943,7679812,thin,single,0.0521,1,K03943.01,38.5763483,38.5763483,76.3,1,K03943.01,38.5763483,38.5763483,76.3,not_in_previous_592_target_launch,thin_singles,A_never_attempted_snr_ge_20,canonical_run
105,K04166,4078311,thin,single,0.1925,1,K04166.01,9.84262076,9.84262076,16.8,1,K04166.01,9.84262076,9.84262076,16.8,not_in_previous_592_target_launch,thin_singles,B_never_attempted_snr_lt_20,canonical_run_then_visual_qc
106,K04226,9491832,thin,single,0.1752,1,K04226.01,49.564693,49.564693,15.0,1,K04226.01,49.564693,49.564693,15.0,not_in_previous_592_target_launch,thin_singles,B_never_attempted_snr_lt_20,canonical_run_then_visual_qc
107,K04318,9286088,thin,single,0.0504,1,K04318.01,14.8162925,14.8162925,12.5,1,K04318.01,14.8162925,14.8162925,12.5,not_in_previous_592_target_launch,thin_singles,B_never_attempted_snr_lt_20,canonical_run_then_visual_qc
108,K04341,6792908,thin,single,0.0723,1,K04341.01,10.778313,10.778313,12.5,1,K04341.01,10.778313,10.778313,12.5,not_in_previous_592_target_launch,thin_singles,B_never_attempted_snr_lt_20,canonical_run_then_visual_qc
109,K04363,9776794,thin,single,0.0826,1,K04363.01,18.22211768,18.22211768,15.2,1,K04363.01,18.22211768,18.22211768,15.2,previously_launched_no_usable_result,thin_singles,D_prior_failed_snr_lt_20,canonical_run_then_seeded_retry_and_visual_qc
110,K04377,4945764,thin,single,0.0512,1,K04377.01,19.8751355,19.8751355,15.2,1,K04377.01,19.8751355,19.8751355,15.2,not_in_previous_592_target_launch,thin_singles,B_never_attempted_snr_lt_20,canonical_run_then_visual_qc
111,K04443,5780855,thin,single,0.0646,1,K04443.01,5.67577999,5.67577999,11.2,1,K04443.01,5.67577999,5.67577999,11.2,not_in_previous_592_target_launch,thin_singles,B_never_attempted_snr_lt_20,canonical_run_then_visual_qc
112,K04482,7778427,thin,single,0.0663,1,K04482.01,5.38299284,5.38299284,10.7,1,K04482.01,5.38299284,5.38299284,10.7,not_in_previous_592_target_launch,thin_singles,B_never_attempted_snr_lt_20,canonical_run_then_visual_qc
113,K04747,8047428,thin,single,0.0669,1,K04747.01,92.263742,92.263742,12.2,1,K04747.01,92.263742,92.263742,12.2,not_in_previous_592_target_launch,thin_singles,B_never_attempted_snr_lt_20,canonical_run_then_visual_qc
114,K04818,9459162,thin,single,0.0595,1,K04818.01,3.79892774,3.79892774,8.3,1,K04818.01,3.79892774,3.79892774,8.3,not_in_previous_592_target_launch,thin_singles,B_never_attempted_snr_lt_20,canonical_run_then_visual_qc
115,K04833,10584140,thin,single,0.0488,1,K04833.01,4.31724247,4.31724247,11.3,1,K04833.01,4.31724247,4.31724247,11.3,previously_launched_no_usable_result,thin_singles,D_prior_failed_snr_lt_20,canonical_run_then_seeded_retry_and_visual_qc
116,K04963,3101178,thin,single,0.0447,1,K04963.01,59.4037839,59.4037839,17.0,1,K04963.01,59.4037839,59.4037839,17.0,not_in_previous_592_target_launch,thin_singles,B_never_attempted_snr_lt_20,canonical_run_then_visual_qc
117,K04977,3425363,thin,single,0.1477,1,K04977.01,25.5338535,25.5338535,8.3,1,K04977.01,25.5338535,25.5338535,8.3,not_in_previous_592_target_launch,thin_singles,B_never_attempted_snr_lt_20,canonical_run_then_visual_qc
118,K05178,5551240,thin,single,0.0492,1,K05178.01,4.13960513,4.13960513,11.6,1,K05178.01,4.13960513,4.13960513,11.6,not_in_previous_592_target_launch,thin_singles,B_never_attempted_snr_lt_20,canonical_run_then_visual_qc
119,K05406,7625138,thin,single,0.2021,1,K05406.01,5.71966537,5.71966537,11.3,1,K05406.01,5.71966537,5.71966537,11.3,not_in_previous_592_target_launch,thin_singles,B_never_attempted_snr_lt_20,canonical_run_then_visual_qc
120,K05411,7672215,thin,single,0.0828,1,K05411.01,11.1734401,11.1734401,9.0,1,K05411.01,11.1734401,11.1734401,9.0,not_in_previous_592_target_launch,thin_singles,B_never_attempted_snr_lt_20,canonical_run_then_visual_qc
121,K05497,8279146,thin,single,0.1213,1,K05497.01,93.359737,93.359737,8.1,1,K05497.01,93.359737,93.359737,8.1,not_in_previous_592_target_launch,thin_singles,B_never_attempted_snr_lt_20,canonical_run_then_visual_qc
122,K05568,8745553,thin,single,0.3267,1,K05568.01,62.134919,62.134919,10.6,1,K05568.01,62.134919,62.134919,10.6,previously_launched_no_usable_result,thin_singles,D_prior_failed_snr_lt_20,canonical_run_then_seeded_retry_and_visual_qc
123,K05748,9993683,thin,single,0.0451,1,K05748.01,29.9371143,29.9371143,11.6,1,K05748.01,29.9371143,29.9371143,11.6,not_in_previous_592_target_launch,thin_singles,B_never_attempted_snr_lt_20,canonical_run_then_visual_qc
124,K05895,11407847,thin,single,0.0512,1,K05895.01,11.8307724,11.8307724,12.4,1,K05895.01,11.8307724,11.8307724,12.4,not_in_previous_592_target_launch,thin_singles,B_never_attempted_snr_lt_20,canonical_run_then_visual_qc
125,K05934,11811382,thin,single,0.0576,1,K05934.01,19.3854894,19.3854894,2.7,1,K05934.01,19.3854894,19.3854894,2.7,previously_launched_no_usable_result,thin_singles,D_prior_failed_snr_lt_20,canonical_run_then_seeded_retry_and_visual_qc
126,K06068,9418619,thin,single,0.0427,1,K06068.01,6.150251376,6.150251376,471.0,1,K06068.01,6.150251376,6.150251376,471.0,not_in_previous_592_target_launch,thin_singles,A_never_attempted_snr_ge_20,canonical_run
127,K06102,3545840,thin,single,0.0727,1,K06102.01,54.2916336,54.2916336,7.9,1,K06102.01,54.2916336,54.2916336,7.9,not_in_previous_592_target_launch,thin_singles,B_never_attempted_snr_lt_20,canonical_run_then_visual_qc
128,K06301,2994092,thin,single,0.0577,1,K06301.01,50.271927,50.271927,9.3,1,K06301.01,50.271927,50.271927,9.3,previously_launched_no_usable_result,thin_singles,D_prior_failed_snr_lt_20,canonical_run_then_seeded_retry_and_visual_qc
129,K06342,3547178,thin,single,0.0446,1,K06342.01,8.1770751,8.1770751,10.6,1,K06342.01,8.1770751,8.1770751,10.6,not_in_previous_592_target_launch,thin_singles,B_never_attempted_snr_lt_20,canonical_run_then_visual_qc
130,K06949,8007675,thin,single,0.0633,1,K06949.01,2.352446342,2.352446342,7.2,1,K06949.01,2.352446342,2.352446342,7.2,not_in_previous_592_target_launch,thin_singles,B_never_attempted_snr_lt_20,canonical_run_then_visual_qc
131,K07072,8624860,thin,single,0.0543,1,K07072.01,15.3902613,15.3902613,9.4,1,K07072.01,15.3902613,15.3902613,9.4,not_in_previous_592_target_launch,thin_singles,B_never_attempted_snr_lt_20,canonical_run_then_visual_qc
132,K07415,11182260,thin,single,0.4372,1,K07415.01,1.291964282,1.291964282,45.8,1,K07415.01,1.291964282,1.291964282,45.8,previously_launched_no_usable_result,thin_singles,C_prior_failed_snr_ge_20,canonical_run_then_seeded_retry
133,K07546,3965201,thin,single,0.0657,1,K07546.01,44.113873,44.113873,6.6,1,K07546.01,44.113873,44.113873,6.6,not_in_previous_592_target_launch,thin_singles,B_never_attempted_snr_lt_20,canonical_run_then_visual_qc
134,K07572,6876575,thin,single,0.0449,1,K07572.01,91.069934,91.069934,8.7,1,K07572.01,91.069934,91.069934,8.7,not_in_previous_592_target_launch,thin_singles,B_never_attempted_snr_lt_20,canonical_run_then_visual_qc
135,K07593,8444868,thin,single,0.0464,1,K07593.01,67.412998,67.412998,6.2,1,K07593.01,67.412998,67.412998,6.2,not_in_previous_592_target_launch,thin_singles,B_never_attempted_snr_lt_20,canonical_run_then_visual_qc
136,K07780,6451368,thin,single,0.0958,1,K07780.01,5.3360574,5.3360574,7.0,1,K07780.01,5.3360574,5.3360574,7.0,not_in_previous_592_target_launch,thin_singles,B_never_attempted_snr_lt_20,canonical_run_then_visual_qc
137,K07882,8364232,thin,single,0.0434,1,K07882.01,65.415183,65.415183,8.9,1,K07882.01,65.415183,65.415183,8.9,previously_launched_no_usable_result,thin_singles,D_prior_failed_snr_lt_20,canonical_run_then_seeded_retry_and_visual_qc
138,K08007,10403228,thin,single,0.0707,1,K08007.01,67.176626864,67.176626864,5.9,1,K08007.01,67.176626864,67.176626864,5.9,previously_launched_no_usable_result,thin_singles,D_prior_failed_snr_lt_20,canonical_run_then_seeded_retry_and_visual_qc
139,K08035,10862759,thin,single,0.0467,1,K08035.01,29.4856392,29.4856392,9.3,1,K08035.01,29.4856392,29.4856392,9.3,not_in_previous_592_target_launch,thin_singles,B_never_attempted_snr_lt_20,canonical_run_then_visual_qc
140,K08052,11358305,thin,single,0.0751,1,K08052.01,7.8687123,7.8687123,9.1,1,K08052.01,7.8687123,7.8687123,9.1,not_in_previous_592_target_launch,thin_singles,B_never_attempted_snr_lt_20,canonical_run_then_visual_qc
141,K08082,12602999,thin,single,0.1312,1,K08082.01,8.2766028,8.2766028,10.0,1,K08082.01,8.2766028,8.2766028,10.0,not_in_previous_592_target_launch,thin_singles,B_never_attempted_snr_lt_20,canonical_run_then_visual_qc
