kepid,catalog_koi_count,all_catalog_rows,nonfp_all_periods,nonfp_period_1_to_100,koi_count_vs_nonfp_all_periods_diff,koi_count_vs_nonfp_period_1_to_100_diff
10797460,2,2,2,2,False,False
10811496,1,1,1,1,False,False
10854555,1,1,1,1,False,False
10872983,3,3,3,3,False,False
10910878,3,3,3,3,False,False
6922244,1,1,1,1,False,False
10526549,1,1,1,1,False,False
10583066,1,1,1,1,False,False
10601284,3,3,3,3,False,False
10682541,1,1,1,1,False,False
11507101,1,1,1,1,False,False
10987985,1,1,1,1,False,False
11018648,2,2,2,2,False,False
11138155,1,1,1,1,False,False
11153539,1,1,1,1,False,False
9579641,3,3,3,3,False,False
11304958,1,1,1,1,False,False
11391957,1,1,1,1,False,False
11403044,1,1,1,1,False,False
11414511,1,1,1,1,False,False
12110942,1,1,1,1,False,False
12366084,3,3,3,2,False,True
12404086,1,1,1,1,False,False
8395660,4,4,4,4,False,False
11754553,3,3,3,3,False,False
11812062,1,1,1,1,False,False
11818800,1,1,1,1,False,False
11853255,1,1,1,1,False,False
11918099,2,2,2,2,False,False
11960862,1,1,1,1,False,False
12020329,1,1,1,1,False,False
12066335,2,2,2,2,False,False
12070811,1,1,1,1,False,False
3342970,2,2,2,2,False,False
12470844,2,2,2,2,False,False
12644822,1,1,1,1,False,False
2713049,1,1,1,1,False,False
3114167,1,1,1,1,False,False
4139816,4,4,4,4,False,False
4476123,1,1,1,1,False,False
3351888,1,1,1,1,False,False
3453214,1,1,1,1,False,False
3641726,1,1,1,1,False,False
3935914,1,1,1,1,False,False
3940418,1,1,1,1,False,False
4049131,1,1,1,1,False,False
5358624,1,1,1,1,False,False
4544670,1,1,1,1,False,False
4664847,1,1,1,1,False,False
4725681,2,2,2,2,False,False
5021899,1,1,1,1,False,False
5164255,1,1,1,1,False,False
5252423,2,2,2,2,False,False
5651104,1,1,1,1,False,False
5792202,5,5,5,3,False,True
5456651,2,2,2,2,False,False
5531576,2,2,2,2,False,False
6291653,1,1,1,1,False,False
6392727,1,1,1,1,False,False
6422070,1,1,1,1,False,False
6428700,2,2,2,2,False,False
5881688,1,1,1,1,False,False
6022556,1,1,1,1,False,False
6032497,1,1,1,1,False,False
6061119,1,1,1,1,False,False
6191521,1,1,1,1,False,False
6276477,1,1,1,1,False,False
6948054,4,4,4,4,False,False
6522242,1,1,1,1,False,False
6526710,1,1,1,1,False,False
6587280,2,2,2,2,False,False
6599919,1,1,1,1,False,False
6685526,1,1,1,1,False,False
6784235,1,1,1,1,False,False
6849310,3,3,3,3,False,False
7366258,4,4,4,4,False,False
7373451,2,2,2,1,False,True
6949607,2,2,2,2,False,False
7109675,2,2,2,2,False,False
7118364,1,1,1,1,False,False
7134976,2,2,2,2,False,False
7135852,1,1,1,1,False,False
7287995,3,3,3,3,False,False
7303253,1,1,1,1,False,False
5094751,2,2,2,2,False,False
7678434,2,2,2,2,False,False
7685981,1,1,1,1,False,False
7380537,1,1,1,1,False,False
7455287,3,3,3,3,False,False
7458762,1,1,1,1,False,False
757450,1,1,1,1,False,False
7585481,1,1,1,1,False,False
7663691,1,1,1,1,False,False
5812701,1,1,1,1,False,False
8013419,1,1,1,1,False,False
8018547,1,1,1,1,False,False
8150320,5,5,5,5,False,False
11086270,2,2,2,2,False,False
7849854,1,1,1,1,False,False
7870390,3,3,3,3,False,False
7938496,1,1,1,1,False,False
8490993,2,2,2,1,False,True
8505670,2,2,2,2,False,False
8552202,1,1,1,1,False,False
8226994,3,3,3,3,False,False
8247638,4,4,4,4,False,False
8255887,1,1,1,1,False,False
9140402,1,1,1,1,False,False
9166862,1,1,1,1,False,False
11449844,1,1,1,1,False,False
8628973,1,1,1,1,False,False
8689031,1,1,1,1,False,False
8689373,3,3,3,3,False,False
8883593,1,1,1,1,False,False
8951215,1,1,1,1,False,False
9077124,1,1,1,1,False,False
9466668,4,4,4,4,False,False
9479273,1,1,1,1,False,False
8359498,1,1,1,1,False,False
9334289,3,3,3,3,False,False
9347899,4,4,4,4,False,False
11359879,1,1,1,1,False,False
9406990,1,1,1,1,False,False
9415172,3,3,3,3,False,False
2860866,1,1,1,1,False,False
7626506,2,2,2,2,False,False
10482160,1,1,1,1,False,False
3240158,3,3,3,3,False,False
3218908,3,3,3,3,False,False
10350571,3,3,2,2,True,True
3749365,1,1,1,1,False,False
11013201,2,2,2,2,False,False
6131236,1,1,1,1,False,False
2837111,2,2,2,2,False,False
9032900,1,1,1,1,False,False
5956342,4,4,4,4,False,False
3116412,1,1,1,1,False,False
8394721,4,4,4,4,False,False
2854698,2,2,2,2,False,False
8559644,2,2,2,1,False,True
3114811,1,1,1,1,False,False
3554031,3,3,3,3,False,False
7295235,1,1,1,1,False,False
2302548,2,2,2,2,False,False
9818381,1,1,1,1,False,False
6060203,1,1,1,1,False,False
5880320,4,4,4,4,False,False
3859079,1,1,1,1,False,False
3962243,3,3,3,3,False,False
1432789,2,2,2,2,False,False
1718189,3,3,3,3,False,False
5735762,3,3,3,3,False,False
6359320,3,3,3,3,False,False
3859628,1,1,1,1,False,False
8260218,1,1,1,1,False,False
8222813,2,2,2,2,False,False
6272413,1,1,1,1,False,False
2165002,2,2,2,2,False,False
1871056,2,2,2,1,False,True
3438507,1,1,1,1,False,False
3869014,1,1,1,1,False,False
8229696,1,1,1,1,False,False
10272640,1,1,1,1,False,False
8346392,1,1,1,1,False,False
8288947,1,1,1,1,False,False
9512687,1,1,1,1,False,False
8644288,3,3,3,3,False,False
1725016,1,1,1,1,False,False
8313667,1,1,1,1,False,False
8351704,1,1,1,1,False,False
9513865,1,1,1,1,False,False
9605514,3,3,3,3,False,False
8158127,3,3,3,3,False,False
10141900,4,4,4,4,False,False
8410727,2,2,2,2,False,False
9710326,1,1,1,1,False,False
9761882,1,1,1,1,False,False
9766437,1,1,1,1,False,False
9772531,1,1,1,1,False,False
8174625,1,1,1,1,False,False
10157458,2,2,2,2,False,False
10122255,1,1,1,1,False,False
3835670,1,1,1,1,False,False
10295951,1,1,1,1,False,False
9787239,5,5,5,4,False,True
2716853,2,2,1,1,True,True
2715135,1,1,1,1,False,False
3247268,2,2,2,2,False,False
10330115,1,1,1,1,False,False
10426656,3,3,3,3,False,False
9820483,1,1,1,1,False,False
7778437,1,1,1,1,False,False
9823457,2,2,2,2,False,False
2164169,1,1,1,1,False,False
2574338,1,1,1,1,False,False
2584163,1,1,1,1,False,False
3329204,1,1,1,1,False,False
10468940,2,2,2,2,False,False
9825625,1,1,1,1,False,False
9875711,1,1,1,1,False,False
10337517,2,2,2,2,False,False
10351231,1,1,1,1,False,False
7102227,3,3,3,2,False,True
6837146,1,1,1,1,False,False
11122894,3,3,3,2,False,True
6607286,2,2,2,1,False,True
6690082,2,2,2,2,False,False
6448890,2,2,2,2,False,False
10730034,2,2,2,2,False,False
6936909,2,2,2,2,False,False
11176127,3,3,3,3,False,False
11014932,4,4,4,4,False,False
6607447,1,1,1,1,False,False
8030148,1,1,1,1,False,False
6693640,1,1,1,1,False,False
10973814,2,2,2,2,False,False
10586208,1,1,1,1,False,False
6932987,2,2,2,2,False,False
6441738,1,1,1,1,False,False
10854768,1,1,1,1,False,False
10713616,1,1,1,1,False,False
8191672,1,1,1,1,False,False
11037335,2,2,2,2,False,False
8494263,1,1,1,1,False,False
10585852,1,1,1,1,False,False
7287415,1,1,1,1,False,False
6924203,1,1,1,1,False,False
11599038,3,3,1,1,True,True
11193263,1,1,1,1,False,False
11032227,1,1,1,1,False,False
8630788,3,3,3,2,False,True
4164994,1,1,1,1,False,False
7831264,2,2,2,2,False,False
4076098,1,1,1,1,False,False
7211221,1,1,1,1,False,False
11356260,1,1,1,1,False,False
11043167,1,1,1,1,False,False
8612847,1,1,1,1,False,False
8547140,1,1,1,1,False,False
4072526,1,1,1,1,False,False
4274548,1,1,1,1,False,False
8564587,2,2,2,2,False,False
8806072,1,1,1,1,False,False
8972058,2,2,2,2,False,False
9202151,1,1,1,1,False,False
4760746,1,1,1,1,False,False
7832356,1,1,1,1,False,False
9643874,1,1,1,1,False,False
8583696,1,1,1,1,False,False
8804283,2,2,2,2,False,False
4077526,4,4,4,4,False,False
8935810,1,1,1,1,False,False
2441495,1,1,1,1,False,False
9455556,2,2,2,2,False,False
9427402,1,1,1,1,False,False
3732821,1,1,1,1,False,False
8609450,5,5,4,4,True,True
4243911,1,1,1,1,False,False
4466677,3,3,3,3,False,False
4135665,1,1,1,1,False,False
9269281,1,1,1,1,False,False
9100484,1,1,1,1,False,False
9034103,1,1,1,1,False,False
9214942,1,1,1,1,False,False
3749134,1,1,1,1,False,False
3939150,2,2,2,2,False,False
8628758,2,2,2,2,False,False
8742590,1,1,1,1,False,False
4650674,1,1,1,1,False,False
4275721,2,2,2,2,False,False
8874090,2,2,2,2,False,False
11666881,1,1,1,1,False,False
9271752,1,1,1,1,False,False
3839488,1,1,1,1,False,False
12252424,2,2,2,2,False,False
4136466,1,1,1,1,False,False
9391506,1,1,1,1,False,False
8950853,1,1,1,1,False,False
9006449,3,3,3,3,False,False
4043190,1,1,1,1,False,False
3640905,2,2,2,2,False,False
7303287,3,3,3,1,False,True
10874614,1,1,1,1,False,False
7211141,1,1,1,1,False,False
6719086,1,1,1,1,False,False
7376983,4,4,4,4,False,False
5084942,1,1,1,1,False,False
11026304,1,1,1,1,False,False
10864656,1,1,1,1,False,False
10538176,2,2,2,2,False,False
6946199,2,2,2,1,False,True
11611600,1,1,1,1,False,False
11254382,1,1,1,1,False,False
6383821,1,1,1,1,False,False
10724369,1,1,1,1,False,False
10867062,1,1,1,1,False,False
10744335,1,1,1,1,False,False
4860678,2,2,2,2,False,False
5177104,1,1,1,1,False,False
9838949,1,1,1,1,False,False
9896558,2,2,2,1,False,True
9589323,1,1,1,1,False,False
9823487,1,1,1,1,False,False
9886661,1,1,1,1,False,False
10055126,3,3,3,2,False,True
5009743,1,1,1,1,False,False
7950644,1,1,1,1,False,False
10080248,1,1,1,1,False,False
11821363,1,1,1,1,False,False
10963065,1,1,1,1,False,False
5357901,1,1,1,1,False,False
8242434,1,1,1,1,False,False
6185331,1,1,1,1,False,False
9636135,2,2,2,2,False,False
5219234,4,4,4,4,False,False
7215603,1,1,1,1,False,False
5561278,1,1,1,1,False,False
7287683,1,1,1,1,False,False
6387542,1,1,1,1,False,False
8396405,1,1,1,1,False,False
6604328,1,1,1,1,False,False
5184584,1,1,1,1,False,False
5438099,4,4,4,4,False,False
6975129,3,3,3,3,False,False
11391018,1,1,1,1,False,False
8685497,1,1,1,1,False,False
4365645,1,1,1,1,False,False
8197343,1,1,1,1,False,False
6786348,1,1,1,1,False,False
6209677,2,2,2,2,False,False
9813499,1,1,1,1,False,False
12254792,1,1,1,1,False,False
12020218,1,1,1,1,False,False
7690844,1,1,1,1,False,False
8009350,1,1,1,1,False,False
8082001,1,1,1,1,False,False
9401997,1,1,1,1,False,False
10153011,1,1,1,1,False,False
9631995,1,1,1,1,False,False
7901948,1,1,1,1,False,False
6442377,1,1,1,1,False,False
10004519,1,1,1,1,False,False
5031857,2,2,2,2,False,False
10879038,1,1,1,1,False,False
10990917,1,1,1,1,False,False
11046025,1,1,1,1,False,False
9729691,2,2,2,2,False,False
10904857,1,1,1,1,False,False
8651389,1,1,1,1,False,False
12418724,1,1,1,1,False,False
7456001,1,1,1,1,False,False
10028792,4,4,4,2,False,True
11337141,1,1,1,1,False,False
6705142,1,1,1,1,False,False
3967760,2,2,2,2,False,False
7549209,1,1,1,1,False,False
7663405,2,2,2,2,False,False
9651668,1,1,1,1,False,False
12506770,1,1,1,1,False,False
11337372,2,2,2,1,False,True
11337833,1,1,1,1,False,False
11502867,1,1,1,1,False,False
9909735,2,2,2,2,False,False
12266636,2,2,2,2,False,False
7869917,2,2,2,2,False,False
9824805,1,1,1,1,False,False
7939330,2,2,2,1,False,True
12602568,1,1,1,1,False,False
9941066,1,1,1,1,False,False
4650733,1,1,1,1,False,False
12120943,1,1,1,1,False,False
7691260,1,1,1,1,False,False
9821454,2,2,2,2,False,False
11954842,1,1,1,1,False,False
5470739,1,1,1,1,False,False
10022908,1,1,1,1,False,False
5183357,1,1,1,1,False,False
5269467,1,1,1,1,False,False
11702948,1,1,1,1,False,False
11656246,1,1,1,1,False,False
4741126,2,2,2,2,False,False
6034945,1,1,1,1,False,False
8692861,2,2,2,1,False,True
9480310,1,1,1,1,False,False
11669125,1,1,1,1,False,False
12159249,1,1,1,1,False,False
4178389,1,1,1,1,False,False
10028140,1,1,1,1,False,False
6049190,1,1,1,1,False,False
6198999,1,1,1,1,False,False
6616218,2,2,2,2,False,False
7761545,1,1,1,1,False,False
7499398,1,1,1,1,False,False
12365184,1,1,1,1,False,False
4770365,3,3,3,3,False,False
11804465,1,1,1,1,False,False
12406749,1,1,1,1,False,False
12403119,1,1,1,1,False,False
12019440,1,1,1,1,False,False
5039228,1,1,1,1,False,False
10004738,3,3,3,3,False,False
7386827,1,1,1,1,False,False
7522911,1,1,1,1,False,False
7703955,2,2,2,1,False,True
7512982,2,2,2,2,False,False
9597806,1,1,1,1,False,False
5283458,1,1,1,1,False,False
8053552,1,1,1,1,False,False
5438757,2,2,2,2,False,False
7750419,1,1,1,1,False,False
7815744,1,1,1,1,False,False
7955580,1,1,1,1,False,False
11402995,1,1,1,1,False,False
7898352,2,2,2,1,False,True
7984047,1,1,1,1,False,False
7951018,1,1,1,1,False,False
7747425,4,4,4,4,False,False
9892816,4,4,4,4,False,False
9836149,1,1,1,1,False,False
4813563,1,1,1,1,False,False
6382217,2,2,2,2,False,False
5375194,1,1,1,1,False,False
10019708,2,2,1,1,True,True
11875734,1,1,1,1,False,False
7046804,1,1,1,1,False,False
8680979,2,2,2,2,False,False
9030537,1,1,1,1,False,False
6949061,2,2,2,2,False,False
11657891,1,1,1,1,False,False
9634821,3,3,3,3,False,False
8950568,4,4,4,4,False,False
11601584,4,4,4,4,False,False
8689793,1,1,1,1,False,False
11673802,1,1,1,1,False,False
4263293,3,3,3,3,False,False
5695524,1,1,1,1,False,False
7948784,1,1,1,1,False,False
9244756,1,1,1,1,False,False
9650808,2,2,2,1,False,True
8804845,2,2,2,1,False,True
10480915,1,1,1,1,False,False
11709244,3,3,3,3,False,False
5728139,1,1,1,1,False,False
7668663,1,1,1,1,False,False
9347009,1,1,1,1,False,False
11046458,1,1,1,1,False,False
9111849,1,1,1,1,False,False
7132798,2,2,2,2,False,False
3448130,1,1,1,1,False,False
9656252,1,1,1,1,False,False
6026438,3,3,3,3,False,False
10657406,2,2,2,2,False,False
5526527,1,1,1,1,False,False
8766650,1,1,1,1,False,False
10328393,3,3,3,3,False,False
8543100,1,1,1,1,False,False
2693736,1,1,1,1,False,False
10663396,1,1,1,1,False,False
9649706,1,1,1,1,False,False
7765528,2,2,2,2,False,False
7779077,1,1,1,1,False,False
6046540,1,1,1,1,False,False
5706966,2,2,2,2,False,False
3762468,1,1,1,1,False,False
10130039,3,3,3,3,False,False
9518318,2,2,2,2,False,False
6862721,1,1,1,1,False,False
9279354,1,1,1,1,False,False
6774880,1,1,1,1,False,False
3937519,2,2,2,2,False,False
7449541,1,1,1,1,False,False
3338885,2,2,2,2,False,False
6776401,1,1,1,1,False,False
8226050,2,2,2,2,False,False
9965957,1,1,1,1,False,False
8426567,1,1,1,1,False,False
10094670,1,1,1,1,False,False
8142942,1,1,1,1,False,False
7265298,2,2,2,2,False,False
3248501,1,1,1,1,False,False
2307415,2,2,2,2,False,False
8826168,1,1,1,1,False,False
10464050,1,1,1,1,False,False
9763348,1,1,1,1,False,False
9101496,2,2,2,2,False,False
10723750,2,2,2,2,False,False
11614617,1,1,1,1,False,False
11450414,3,3,3,3,False,False
10384798,1,1,1,1,False,False
10134152,1,1,1,1,False,False
6849046,1,1,1,1,False,False
11570749,1,1,1,1,False,False
10074466,1,1,1,1,False,False
8218379,2,2,2,2,False,False
7755636,1,1,1,1,False,False
4989057,1,1,1,1,False,False
9834040,1,1,1,1,False,False
6152974,2,2,2,2,False,False
8802693,1,1,1,1,False,False
6061773,1,1,1,1,False,False
2579043,1,1,1,1,False,False
11360571,1,1,1,1,False,False
4157325,4,4,4,4,False,False
9955598,1,1,1,1,False,False
5770074,1,1,1,1,False,False
10136549,2,2,2,2,False,False
11069176,2,2,2,2,False,False
5864975,1,1,1,1,False,False
2975770,2,2,2,1,False,True
3648437,1,1,1,1,False,False
7877496,1,1,1,1,False,False
7286173,1,1,1,1,False,False
11126381,1,1,1,1,False,False
4149450,1,1,1,1,False,False
5511081,4,4,4,4,False,False
10978763,3,3,3,3,False,False
2449431,1,1,1,1,False,False
5631630,1,1,1,1,False,False
9410930,1,1,1,1,False,False
5731623,1,1,1,1,False,False
10676014,1,1,1,1,False,False
8167996,3,3,3,3,False,False
6773862,1,1,1,1,False,False
10602291,1,1,1,1,False,False
5202905,2,2,2,2,False,False
9072190,1,1,1,1,False,False
5384079,2,2,2,2,False,False
9839821,2,2,2,1,False,True
4056616,1,1,1,1,False,False
8492026,1,1,1,1,False,False
5088591,1,1,1,1,False,False
11298298,1,1,1,1,False,False
10619192,1,1,1,1,False,False
9883311,1,1,1,1,False,False
4939346,2,2,2,2,False,False
4242147,1,1,1,1,False,False
10190777,1,1,1,1,False,False
7045496,1,1,1,1,False,False
8750043,1,1,1,1,False,False
9973109,2,2,2,2,False,False
6226290,1,1,1,1,False,False
4349442,3,3,1,1,True,True
4644952,3,3,3,3,False,False
11622600,1,1,1,1,False,False
2832589,2,2,2,2,False,False
2438513,2,2,1,1,True,True
6356207,1,1,1,1,False,False
8564674,2,2,2,2,False,False
8578780,1,1,1,1,False,False
9455325,1,1,1,1,False,False
3098810,1,1,1,1,False,False
8367644,1,1,1,1,False,False
9305831,1,1,1,1,False,False
10844890,1,1,1,1,False,False
11923284,1,1,1,1,False,False
5621125,1,1,1,1,False,False
9872283,2,2,2,2,False,False
7870032,1,1,1,1,False,False
9597058,1,1,1,1,False,False
4035640,1,1,1,1,False,False
6205228,1,1,1,1,False,False
11758544,1,1,1,1,False,False
7102316,3,3,3,2,False,True
9489524,4,4,4,4,False,False
5940165,1,1,1,1,False,False
8277797,2,2,2,2,False,False
2989404,2,2,2,2,False,False
11413812,1,1,1,1,False,False
9549648,1,1,1,1,False,False
5942808,2,2,2,1,False,True
6206214,1,1,1,1,False,False
8959839,1,1,1,1,False,False
7672097,1,1,1,1,False,False
5599774,1,1,1,1,False,False
8099138,1,1,1,1,False,False
6383785,2,2,2,2,False,False
9411412,1,1,1,1,False,False
7620413,2,2,2,2,False,False
4545187,2,2,2,2,False,False
9112931,1,1,1,1,False,False
8126558,1,1,1,1,False,False
11811193,1,1,1,1,False,False
8681734,1,1,1,1,False,False
8247771,1,1,1,1,False,False
8165946,1,1,1,1,False,False
12017109,1,1,1,1,False,False
9225395,1,1,1,1,False,False
10709622,1,1,1,1,False,False
11499228,1,1,1,1,False,False
9022166,2,2,2,2,False,False
8491277,1,1,1,1,False,False
8613535,3,3,3,3,False,False
12256520,2,2,2,2,False,False
5629538,1,1,1,1,False,False
8561231,1,1,1,1,False,False
6941084,1,1,1,1,False,False
6200235,1,1,1,1,False,False
11460462,1,1,1,1,False,False
8612275,2,2,2,2,False,False
7207061,2,2,2,2,False,False
7286911,1,1,1,1,False,False
8591173,1,1,1,1,False,False
5706595,3,3,3,2,False,True
10489345,1,1,1,1,False,False
10329469,1,1,1,1,False,False
9717943,1,1,1,1,False,False
8026752,1,1,1,1,False,False
1872821,1,1,1,1,False,False
8013439,3,3,3,3,False,False
6921944,1,1,1,1,False,False
9532052,1,1,1,1,False,False
8164012,1,1,1,1,False,False
8611781,1,1,1,1,False,False
3097926,1,1,1,1,False,False
5601258,1,1,1,1,False,False
7960980,1,1,1,1,False,False
8107225,1,1,1,1,False,False
3458028,1,1,1,1,False,False
11288051,3,3,3,3,False,False
11566256,1,1,1,1,False,False
4857213,1,1,1,1,False,False
9415108,1,1,1,1,False,False
4262581,1,1,1,1,False,False
8591693,1,1,1,1,False,False
3548044,3,3,3,2,False,True
11401767,3,3,3,3,False,False
10909127,1,1,1,1,False,False
3661886,2,2,2,2,False,False
2439243,1,1,1,1,False,False
6751874,1,1,1,1,False,False
10863608,1,1,1,1,False,False
5385304,1,1,1,1,False,False
9405595,1,1,1,1,False,False
3546060,1,1,1,1,False,False
8494542,1,1,1,1,False,False
9992325,1,1,1,1,False,False
9945370,1,1,1,1,False,False
8973129,1,1,1,1,False,False
12505654,1,1,1,1,False,False
11670125,1,1,1,1,False,False
11461844,1,1,1,1,False,False
7449554,2,2,2,2,False,False
9351920,1,1,1,1,False,False
2161536,1,1,1,1,False,False
10549023,1,1,1,1,False,False
10531955,1,1,1,1,False,False
8168187,2,2,2,2,False,False
4142847,2,2,2,1,False,True
10203349,1,1,1,1,False,False
3440978,1,1,1,1,False,False
8410415,1,1,1,1,False,False
7987866,1,1,1,1,False,False
11560897,2,2,2,1,False,True
11342416,1,1,1,1,False,False
9086251,1,1,1,1,False,False
4254466,1,1,1,1,False,False
9904006,3,3,3,3,False,False
9364609,1,1,1,1,False,False
4248120,1,1,1,1,False,False
9580992,1,1,1,1,False,False
8321314,1,1,1,1,False,False
8041216,1,1,1,1,False,False
11824786,1,1,1,1,False,False
12254909,1,1,1,1,False,False
9364290,2,2,2,2,False,False
5022828,1,1,1,1,False,False
8233702,1,1,1,1,False,False
11403339,1,1,1,1,False,False
8260902,1,1,1,1,False,False
12058204,2,2,2,2,False,False
5342473,1,1,1,1,False,False
7542813,1,1,1,1,False,False
12058147,1,1,1,1,False,False
8164257,3,3,3,3,False,False
6774537,1,1,1,1,False,False
5959753,1,1,1,1,False,False
6021193,3,3,3,3,False,False
6287313,1,1,1,1,False,False
9278725,1,1,1,1,False,False
4458082,2,2,2,2,False,False
8042453,1,1,1,1,False,False
10874215,1,1,1,1,False,False
8866137,1,1,1,1,False,False
9517393,2,2,2,1,False,True
9351316,2,2,2,1,False,True
10617017,1,1,1,1,False,False
11569782,1,1,1,1,False,False
11520459,1,1,1,1,False,False
7219825,3,3,3,2,False,True
3749978,1,1,1,1,False,False
10010440,1,1,1,1,False,False
11718144,1,1,1,1,False,False
10864531,2,2,2,2,False,False
9472000,1,1,1,1,False,False
10253547,2,2,2,2,False,False
12505076,1,1,1,1,False,False
12116380,1,1,1,1,False,False
2556650,1,1,1,1,False,False
10600955,1,1,1,1,False,False
4473226,1,1,1,1,False,False
10132832,1,1,1,1,False,False
3219995,1,1,1,1,False,False
6062929,1,1,1,1,False,False
7504778,1,1,1,1,False,False
4249725,2,2,2,2,False,False
3967326,1,1,1,1,False,False
10723367,2,2,2,2,False,False
5005121,1,1,1,1,False,False
10684670,1,1,1,1,False,False
11495458,1,1,1,1,False,False
9003401,1,1,1,1,False,False
5978559,2,2,2,2,False,False
6922710,1,1,1,1,False,False
11348997,1,1,1,1,False,False
7204981,1,1,1,1,False,False
4370527,1,1,1,1,False,False
5125347,1,1,1,1,False,False
9336200,1,1,1,1,False,False
4770617,3,3,3,3,False,False
9458343,1,1,1,1,False,False
7120108,1,1,1,1,False,False
8007644,1,1,1,1,False,False
6525946,3,3,3,2,False,True
7918992,1,1,1,1,False,False
9006186,4,4,4,4,False,False
7802719,1,1,1,1,False,False
12401863,1,1,1,1,False,False
5534941,1,1,1,1,False,False
9307509,1,1,1,1,False,False
10158729,1,1,1,1,False,False
3120355,1,1,1,1,False,False
11410904,1,1,1,1,False,False
5350244,1,1,1,1,False,False
5374403,1,1,1,1,False,False
1995519,1,1,1,1,False,False
4914566,1,1,1,1,False,False
4349452,2,2,2,2,False,False
8073806,1,1,1,1,False,False
10453588,1,1,1,1,False,False
11125613,3,3,3,3,False,False
7212184,1,1,1,1,False,False
9757613,4,4,4,4,False,False
6605493,1,1,1,1,False,False
4670217,1,1,1,1,False,False
7259298,1,1,1,1,False,False
6211812,1,1,1,1,False,False
8611832,2,2,2,2,False,False
5621586,1,1,1,1,False,False
9210387,1,1,1,1,False,False
11852982,1,1,1,1,False,False
8559152,1,1,1,1,False,False
2718778,1,1,1,1,False,False
3122913,1,1,1,1,False,False
9229657,1,1,1,1,False,False
5175024,2,2,2,2,False,False
9026749,2,2,2,2,False,False
5794240,1,1,1,1,False,False
6933567,1,1,1,1,False,False
9654468,1,1,1,1,False,False
6343170,1,1,1,1,False,False
7107802,2,2,2,2,False,False
7047207,1,1,1,1,False,False
8247770,1,1,1,1,False,False
7501646,1,1,1,1,False,False
11962284,1,1,1,1,False,False
6842682,1,1,1,1,False,False
8890150,2,2,2,2,False,False
11360805,2,2,2,2,False,False
9845898,1,1,1,1,False,False
12453581,1,1,1,1,False,False
11179076,1,1,1,1,False,False
5364071,4,4,4,4,False,False
12257999,1,1,1,1,False,False
9664142,1,1,1,1,False,False
10018233,1,1,1,1,False,False
8081899,1,1,1,1,False,False
8631504,1,1,1,1,False,False
8110767,1,1,1,1,False,False
6767840,1,1,1,1,False,False
8379705,1,1,1,1,False,False
9896018,3,3,3,3,False,False
11818872,1,1,1,1,False,False
11771430,1,1,1,1,False,False
8836888,1,1,1,1,False,False
9880190,1,1,1,1,False,False
7673841,3,3,3,3,False,False
5546691,1,1,1,1,False,False
12156347,1,1,1,1,False,False
8636539,1,1,1,1,False,False
9893318,1,1,1,1,False,False
8570333,1,1,1,1,False,False
5036705,1,1,1,1,False,False
9574158,1,1,1,1,False,False
7294743,1,1,1,1,False,False
3861595,1,1,1,1,False,False
10489206,2,2,2,2,False,False
5342061,1,1,1,1,False,False
11080405,2,2,2,2,False,False
10059645,1,1,1,1,False,False
7183745,2,2,2,2,False,False
8212002,2,2,2,2,False,False
8004903,1,1,1,1,False,False
5514383,1,1,1,1,False,False
8022489,3,3,3,2,False,True
9209624,2,2,2,2,False,False
3354846,1,1,1,1,False,False
6516185,1,1,1,1,False,False
7778767,2,2,2,2,False,False
7515762,1,1,1,1,False,False
5942949,1,1,1,1,False,False
12120307,3,3,3,3,False,False
10813132,1,1,1,1,False,False
5857540,1,1,1,1,False,False
7289317,2,2,2,2,False,False
7879433,1,1,1,1,False,False
9205907,1,1,1,1,False,False
8463346,2,2,2,2,False,False
10068659,1,1,1,1,False,False
2443393,1,1,1,1,False,False
9019191,1,1,1,1,False,False
3002478,1,1,1,1,False,False
9395024,1,1,1,1,False,False
9753154,1,1,1,1,False,False
9011825,1,1,1,1,False,False
4172746,1,1,1,1,False,False
5174858,1,1,1,1,False,False
1996180,2,2,2,2,False,False
12254378,1,1,1,1,False,False
7604328,2,2,2,2,False,False
9837685,1,1,1,1,False,False
3728701,1,1,1,1,False,False
9390653,1,1,1,1,False,False
2305866,2,2,2,1,False,True
9712350,1,1,1,1,False,False
8025596,1,1,1,1,False,False
8494617,1,1,1,1,False,False
10289119,1,1,1,1,False,False
11295426,2,2,2,2,False,False
12306058,2,2,2,2,False,False
12469800,1,1,1,1,False,False
4915638,1,1,1,1,False,False
4665571,2,2,2,1,False,True
11461433,1,1,1,1,False,False
11818607,1,1,1,1,False,False
8380709,1,1,1,1,False,False
5436013,1,1,1,1,False,False
8676148,1,1,1,1,False,False
9696358,1,1,1,1,False,False
10916600,2,2,2,2,False,False
9153570,1,1,1,1,False,False
7984574,1,1,1,1,False,False
10336951,1,1,1,1,False,False
8481129,1,1,1,1,False,False
2142522,1,1,1,1,False,False
8757824,1,1,1,1,False,False
9832208,1,1,1,1,False,False
6124512,1,1,1,1,False,False
10070468,1,1,1,1,False,False
11337566,1,1,1,1,False,False
5007345,1,1,1,1,False,False
6429812,1,1,1,1,False,False
6846911,1,1,1,1,False,False
5963582,1,1,1,1,False,False
9851662,1,1,1,1,False,False
6467363,2,2,2,2,False,False
8733898,3,3,3,3,False,False
7090524,1,1,1,1,False,False
11133306,1,1,1,1,False,False
10591855,1,1,1,1,False,False
9451706,3,3,3,3,False,False
10064256,1,1,1,1,False,False
9815053,1,1,1,1,False,False
7609553,2,2,2,2,False,False
9697131,1,1,1,1,False,False
12602314,1,1,1,1,False,False
11401755,2,2,2,2,False,False
8292840,3,3,3,2,False,True
6346809,1,1,1,1,False,False
4547603,1,1,1,1,False,False
5688910,1,1,1,1,False,False
6345732,2,2,2,2,False,False
8259713,1,1,1,1,False,False
10880507,1,1,1,1,False,False
11098013,1,1,1,1,False,False
12206313,3,3,3,2,False,True
9837661,3,3,3,3,False,False
7769819,1,1,1,1,False,False
12164564,1,1,1,1,False,False
6026737,2,2,2,2,False,False
9092504,2,2,2,1,False,True
10001368,1,1,1,1,False,False
9466429,1,1,1,1,False,False
8885643,1,1,1,1,False,False
8681833,1,1,1,1,False,False
10471515,1,1,1,1,False,False
8760040,2,2,2,2,False,False
10098844,2,2,1,1,True,True
5184911,2,2,2,1,False,True
6587105,1,1,1,1,False,False
11662184,1,1,1,1,False,False
8884274,1,1,1,1,False,False
4385148,2,2,2,2,False,False
9838468,1,1,1,1,False,False
8617363,1,1,1,1,False,False
7673192,5,5,5,5,False,False
7670943,1,1,1,1,False,False
4367854,2,2,1,1,True,True
8801316,1,1,1,1,False,False
3346154,1,1,1,1,False,False
5775129,1,1,1,1,False,False
9898447,1,1,1,1,False,False
11135308,1,1,1,1,False,False
8077137,2,2,2,2,False,False
7019524,1,1,1,1,False,False
5106313,1,1,1,1,False,False
5980783,1,1,1,1,False,False
8873090,1,1,1,1,False,False
8415200,1,1,1,1,False,False
9886361,4,4,4,4,False,False
5209845,1,1,1,1,False,False
5794570,2,2,2,2,False,False
6779260,2,2,2,2,False,False
7659389,1,1,1,1,False,False
10842192,1,1,1,1,False,False
2442448,1,1,1,1,False,False
11283615,1,1,1,1,False,False
7463685,1,1,1,1,False,False
8326342,1,1,1,1,False,False
4831728,2,2,2,2,False,False
11963206,1,1,1,1,False,False
4249611,1,1,1,1,False,False
8263545,1,1,1,1,False,False
6937402,1,1,1,1,False,False
7202957,2,2,2,2,False,False
12456601,1,1,1,1,False,False
7428736,1,1,1,1,False,False
11129258,1,1,1,1,False,False
10586004,2,2,2,2,False,False
4939533,1,1,1,1,False,False
5369827,1,1,1,1,False,False
6586746,1,1,1,1,False,False
9962455,2,2,2,2,False,False
6436029,2,2,2,1,False,True
6197215,1,1,1,1,False,False
9244508,1,1,1,1,False,False
6716545,3,3,3,2,False,True
4552729,1,1,1,1,False,False
9995402,1,1,1,1,False,False
5436338,1,1,1,1,False,False
11414465,1,1,1,1,False,False
9475552,2,2,2,1,False,True
11071200,2,2,2,2,False,False
3545135,1,1,1,1,False,False
6607357,2,2,2,2,False,False
6837283,1,1,1,1,False,False
5613821,1,1,1,1,False,False
5128673,1,1,1,1,False,False
12024120,1,1,1,1,False,False
3642289,2,2,2,2,False,False
6029239,2,2,2,2,False,False
12404954,1,1,1,1,False,False
10190075,1,1,1,1,False,False
9070666,1,1,1,1,False,False
6196457,3,3,3,3,False,False
6063220,1,1,1,1,False,False
6071903,1,1,1,1,False,False
10905239,2,2,2,2,False,False
3545478,1,1,1,1,False,False
4815520,1,1,1,1,False,False
7175184,2,2,2,2,False,False
11565544,1,1,1,1,False,False
7347246,1,1,1,1,False,False
11403530,1,1,1,1,False,False
5088536,3,3,3,3,False,False
12072872,1,1,1,1,False,False
12406807,2,2,2,2,False,False
9650989,1,1,1,1,False,False
7050989,2,2,2,2,False,False
8494142,2,2,2,2,False,False
8709688,2,2,2,2,False,False
11618601,2,2,2,2,False,False
7582689,3,3,3,3,False,False
7419318,2,2,2,2,False,False
7603200,3,3,3,3,False,False
9716391,1,1,1,1,False,False
6929841,1,1,1,1,False,False
12168993,1,1,1,1,False,False
8008067,3,3,3,2,False,True
7051180,1,1,1,1,False,False
11137180,1,1,1,1,False,False
3756264,1,1,1,1,False,False
11572193,1,1,1,1,False,False
11285870,1,1,1,1,False,False
8581240,2,2,2,2,False,False
8121310,2,2,2,2,False,False
8684730,1,1,1,1,False,False
8753657,2,2,2,2,False,False
3942670,2,2,2,2,False,False
6949898,1,1,1,1,False,False
2973386,1,1,1,1,False,False
9288237,1,1,1,1,False,False
11714231,1,1,1,1,False,False
11720424,1,1,1,1,False,False
9139084,1,1,1,1,False,False
3353050,1,1,1,1,False,False
6593150,1,1,1,1,False,False
8051946,1,1,1,1,False,False
5445681,1,1,1,1,False,False
12416661,1,1,1,1,False,False
8197793,1,1,1,1,False,False
9881662,2,2,2,2,False,False
3656121,2,2,2,2,False,False
3831053,1,1,1,1,False,False
6357290,1,1,1,1,False,False
5092266,1,1,1,1,False,False
8751796,1,1,1,1,False,False
9907129,1,1,1,1,False,False
7609674,1,1,1,1,False,False
9527334,1,1,1,1,False,False
11361646,2,2,2,2,False,False
10285631,2,2,2,2,False,False
3964109,1,1,1,1,False,False
3544595,1,1,1,1,False,False
9714550,1,1,1,1,False,False
5475042,1,1,1,1,False,False
10252275,2,2,2,2,False,False
10337258,1,1,1,1,False,False
5450893,1,1,1,1,False,False
8949925,2,2,2,2,False,False
8827575,2,2,2,2,False,False
2716801,2,2,2,2,False,False
7216284,1,1,1,1,False,False
6945786,1,1,1,1,False,False
10552611,2,2,2,2,False,False
6438099,1,1,1,1,False,False
11090556,2,2,2,2,False,False
3234843,2,2,2,2,False,False
3752110,1,1,1,1,False,False
1717722,2,2,2,1,False,True
10908248,1,1,1,1,False,False
10878263,2,2,2,2,False,False
10982872,3,3,3,3,False,False
9468551,1,1,1,1,False,False
8360640,1,1,1,1,False,False
11019987,1,1,1,1,False,False
4857058,2,2,2,2,False,False
10924562,1,1,1,1,False,False
7534267,1,1,1,1,False,False
11015108,1,1,1,1,False,False
11074541,1,1,1,1,False,False
11100383,1,1,1,1,False,False
7918652,1,1,1,1,False,False
6636320,1,1,1,1,False,False
3230805,2,2,2,2,False,False
11395587,1,1,1,1,False,False
4143755,1,1,1,1,False,False
8509442,1,1,1,1,False,False
11244137,1,1,1,1,False,False
3219643,1,1,1,1,False,False
11259686,1,1,1,1,False,False
11547513,2,2,2,2,False,False
11802615,1,1,1,1,False,False
11521793,2,2,2,2,False,False
3848275,1,1,1,1,False,False
4175630,1,1,1,1,False,False
8430964,1,1,1,1,False,False
2692377,1,1,1,1,False,False
11621223,1,1,1,1,False,False
10000941,2,2,2,2,False,False
6103377,2,2,2,2,False,False
7106173,3,3,3,3,False,False
8037145,4,4,4,4,False,False
8265218,1,1,1,1,False,False
8806123,2,2,2,2,False,False
8355239,2,2,2,2,False,False
8367113,1,1,1,1,False,False
8558011,2,2,2,1,False,True
9115800,1,1,1,1,False,False
10934674,1,1,1,1,False,False
11015323,1,1,1,1,False,False
11134879,1,1,1,1,False,False
11192998,3,3,3,3,False,False
8934495,1,1,1,1,False,False
9119458,1,1,1,1,False,False
9157634,1,1,1,1,False,False
8565266,1,1,1,1,False,False
8616637,2,2,2,2,False,False
8625925,1,1,1,1,False,False
10016874,1,1,1,1,False,False
11497977,1,1,1,1,False,False
9941859,3,3,3,3,False,False
10266615,1,1,1,1,False,False
10418224,1,1,1,1,False,False
10616679,1,1,1,1,False,False
10717241,2,2,2,2,False,False
10843590,2,2,2,2,False,False
12061222,1,1,1,1,False,False
12404305,1,1,1,1,False,False
12834874,1,1,1,1,False,False
2557816,1,1,1,1,False,False
10454313,1,1,1,1,False,False
10513530,2,2,2,2,False,False
10554999,2,2,2,2,False,False
9076513,1,1,1,1,False,False
9146018,3,3,3,3,False,False
9279669,1,1,1,1,False,False
10858832,1,1,1,1,False,False
10937029,2,2,2,1,False,True
10873260,1,1,1,1,False,False
11090765,1,1,1,1,False,False
9570741,1,1,1,1,False,False
9607164,1,1,1,1,False,False
6462863,4,4,4,4,False,False
9782691,2,2,2,2,False,False
3966801,1,1,1,1,False,False
11656721,1,1,1,1,False,False
11669239,2,2,2,2,False,False
10600261,3,3,3,3,False,False
10656823,2,2,2,2,False,False
10676824,1,1,1,1,False,False
2438264,2,2,2,2,False,False
4454752,1,1,1,1,False,False
4757437,2,2,2,2,False,False
11823054,2,2,2,2,False,False
7017274,2,2,2,2,False,False
12058931,2,2,2,2,False,False
9957627,1,1,1,1,False,False
3833007,1,1,1,1,False,False
3847138,1,1,1,1,False,False
4847534,1,1,1,1,False,False
12600735,2,2,2,2,False,False
5640085,2,2,2,2,False,False
4951877,1,1,1,1,False,False
4165473,1,1,1,1,False,False
4270253,2,2,2,2,False,False
5544450,2,2,1,1,True,True
10973664,3,3,3,3,False,False
12459913,1,1,1,1,False,False
5461440,1,1,1,1,False,False
5689351,5,5,5,5,False,False
5443837,1,1,1,1,False,False
5709725,2,2,2,2,False,False
7269974,2,2,2,2,False,False
7440748,2,2,2,2,False,False
5812960,1,1,1,1,False,False
6266741,2,2,2,2,False,False
5774349,1,1,1,1,False,False
6501635,1,1,1,1,False,False
3217264,3,3,3,2,False,True
7504328,1,1,1,1,False,False
7977197,2,2,2,2,False,False
6381846,3,3,3,3,False,False
6422155,4,4,4,4,False,False
6665695,1,1,1,1,False,False
6707833,1,1,1,1,False,False
5351250,5,5,4,4,True,True
8890783,2,2,2,2,False,False
8056665,2,2,2,1,False,True
7119481,3,3,3,3,False,False
7445445,3,3,3,3,False,False
5444548,1,1,1,1,False,False
9008220,1,1,1,1,False,False
9583881,1,1,1,1,False,False
9589524,1,1,1,1,False,False
6838050,1,1,1,1,False,False
6937692,1,1,1,1,False,False
7595157,2,2,2,2,False,False
8008206,2,2,2,2,False,False
7906892,2,2,2,2,False,False
5683743,1,1,1,1,False,False
5791986,2,2,2,2,False,False
8320630,2,2,2,2,False,False
9703198,1,1,1,1,False,False
9844088,1,1,1,1,False,False
10019643,2,2,2,2,False,False
8015907,1,1,1,1,False,False
8120608,5,5,5,4,False,True
11135694,2,2,2,2,False,False
10155434,1,1,1,1,False,False
10460984,4,4,4,4,False,False
8022244,2,2,2,2,False,False
8193178,2,2,2,2,False,False
8344004,2,2,2,2,False,False
8216763,3,3,3,3,False,False
6879865,1,1,1,1,False,False
3758499,2,2,2,2,False,False
10577994,2,2,2,2,False,False
10599206,1,1,1,1,False,False
10221013,1,1,1,1,False,False
4563268,2,2,2,2,False,False
4644604,1,1,1,1,False,False
4656049,1,1,1,1,False,False
4742414,1,1,1,1,False,False
7730747,1,1,1,1,False,False
7764367,1,1,1,1,False,False
2302997,1,1,1,1,False,False
4827723,1,1,1,1,False,False
5020319,1,1,1,1,False,False
8361905,1,1,1,1,False,False
11250587,1,1,1,1,False,False
8480285,2,2,2,2,False,False
10265898,3,3,3,3,False,False
10271806,4,4,4,4,False,False
5113822,2,2,2,2,False,False
5120087,1,1,1,1,False,False
8557374,2,2,2,2,False,False
8738735,2,2,2,2,False,False
8802165,1,1,1,1,False,False
8805348,1,1,1,1,False,False
4914423,2,2,2,1,False,True
10358759,2,2,2,2,False,False
5531694,2,2,2,2,False,False
8962094,4,4,4,4,False,False
9588822,2,2,1,1,True,True
10395381,1,1,1,1,False,False
5613330,2,2,2,2,False,False
5941160,2,2,2,2,False,False
5966154,2,2,2,1,False,True
9266431,1,1,1,1,False,False
6062088,3,3,3,3,False,False
9530945,2,2,2,2,False,False
10610039,2,2,2,1,False,True
6125481,1,1,1,1,False,False
6267535,1,1,1,1,False,False
6347299,2,2,2,2,False,False
9578686,1,1,1,1,False,False
9590976,3,3,3,3,False,False
5441980,1,1,1,1,False,False
6365156,1,1,1,1,False,False
2444412,1,1,1,1,False,False
9597345,3,3,3,2,False,True
5686174,1,1,1,1,False,False
6309763,1,1,1,1,False,False
6442340,3,3,3,3,False,False
6685609,3,3,3,3,False,False
9450647,1,1,1,1,False,False
9702072,1,1,1,1,False,False
9846348,1,1,1,1,False,False
9873254,2,2,2,1,False,True
6587002,3,3,3,2,False,True
7368664,1,1,1,1,False,False
6707835,1,1,1,1,False,False
10318874,1,1,1,1,False,False
9884104,3,3,3,3,False,False
10353968,1,1,1,1,False,False
11773022,3,3,3,2,False,True
7033671,1,1,1,1,False,False
7040629,4,4,4,4,False,False
9963524,4,4,4,4,False,False
5780885,1,1,1,1,False,False
2834805,1,1,1,1,False,False
7124613,1,1,1,1,False,False
7277317,1,1,1,1,False,False
9964801,1,1,1,1,False,False
9965439,1,1,1,1,False,False
3541946,3,3,3,3,False,False
7447200,2,2,2,2,False,False
7509886,2,2,2,2,False,False
10002866,3,3,3,3,False,False
2577353,1,1,1,1,False,False
4478168,2,2,2,2,False,False
7515212,2,2,2,2,False,False
7529266,1,1,1,1,False,False
7256914,2,2,2,2,False,False
5530112,1,1,1,1,False,False
6226908,1,1,1,1,False,False
5906694,1,1,1,1,False,False
9956082,1,1,1,1,False,False
11465651,1,1,1,1,False,False
4548098,2,2,2,2,False,False
4078311,1,1,1,1,False,False
4850961,1,1,1,1,False,False
7733731,1,1,1,1,False,False
10714072,1,1,1,1,False,False
3110177,1,1,1,1,False,False
7610663,1,1,1,1,False,False
8951205,1,1,1,1,False,False
7838675,1,1,1,1,False,False
3955817,1,1,1,1,False,False
6140059,1,1,1,1,False,False
1718958,1,1,1,1,False,False
3852872,1,1,1,1,False,False
9272070,1,1,1,1,False,False
5088400,1,1,1,1,False,False
11970988,1,1,1,1,False,False
6792908,1,1,1,1,False,False
5308537,1,1,1,1,False,False
6350882,1,1,1,1,False,False
5281113,1,1,1,1,False,False
6026924,1,1,1,1,False,False
9509343,1,1,1,1,False,False
3244792,1,1,1,1,False,False
1724719,2,2,2,2,False,False
9836563,2,2,2,2,False,False
9366617,1,1,1,1,False,False
7046035,1,1,1,1,False,False
10063208,1,1,1,1,False,False
10669994,1,1,1,1,False,False
5126182,1,1,1,1,False,False
9183378,1,1,1,1,False,False
7596240,1,1,1,1,False,False
9776794,1,1,1,1,False,False
7427764,1,1,1,1,False,False
5780855,1,1,1,1,False,False
9491832,1,1,1,1,False,False
9872831,1,1,1,1,False,False
8507475,1,1,1,1,False,False
8773015,2,2,2,2,False,False
11509504,1,1,1,1,False,False
11611275,1,1,1,1,False,False
6290935,1,1,1,1,False,False
11612280,1,1,1,1,False,False
11444514,1,1,1,1,False,False
9702006,1,1,1,1,False,False
10794974,1,1,1,1,False,False
10991114,1,1,1,1,False,False
4945764,1,1,1,1,False,False
11718389,1,1,1,1,False,False
10329196,1,1,1,1,False,False
10604592,1,1,1,1,False,False
9285568,1,1,1,1,False,False
3762750,1,1,1,1,False,False
10722485,1,1,1,1,False,False
5177859,2,2,2,2,False,False
9286088,1,1,1,1,False,False
9883606,2,2,2,2,False,False
3645438,3,3,3,2,False,True
8480582,1,1,1,1,False,False
5197233,1,1,1,1,False,False
5095082,1,1,1,1,False,False
10407482,1,1,1,1,False,False
7901016,1,1,1,1,False,False
3848083,1,1,1,1,False,False
6359926,1,1,1,1,False,False
8324518,1,1,1,1,False,False
3103473,1,1,1,1,False,False
6879171,1,1,1,1,False,False
9897364,1,1,1,1,False,False
5802637,1,1,1,1,False,False
9828127,2,2,2,2,False,False
5644412,1,1,1,1,False,False
10140274,1,1,1,1,False,False
10730070,1,1,1,1,False,False
7703882,1,1,1,1,False,False
9072639,1,1,1,1,False,False
7450747,1,1,1,1,False,False
8890924,2,2,2,2,False,False
8573193,1,1,1,1,False,False
4054784,1,1,1,1,False,False
10745365,1,1,1,1,False,False
10593535,1,1,1,1,False,False
6223324,1,1,1,1,False,False
9701962,1,1,1,1,False,False
9773980,1,1,1,1,False,False
4141593,2,2,2,2,False,False
7778427,1,1,1,1,False,False
11769689,1,1,1,1,False,False
9457948,1,1,1,1,False,False
9898017,1,1,1,1,False,False
8098212,1,1,1,1,False,False
6369131,1,1,1,1,False,False
10257229,1,1,1,1,False,False
3539231,1,1,1,1,False,False
6311891,1,1,1,1,False,False
10663738,1,1,1,1,False,False
7891294,1,1,1,1,False,False
5431027,1,1,1,1,False,False
6070337,1,1,1,1,False,False
5954001,1,1,1,1,False,False
9002538,2,2,2,2,False,False
6186182,1,1,1,1,False,False
4073017,1,1,1,1,False,False
9579208,1,1,1,1,False,False
9457728,1,1,1,1,False,False
2303903,1,1,1,1,False,False
9278216,1,1,1,1,False,False
8355131,1,1,1,1,False,False
12645057,1,1,1,1,False,False
10937749,1,1,1,1,False,False
9100953,3,3,3,3,False,False
4060229,1,1,1,1,False,False
10907132,1,1,1,1,False,False
6520753,2,2,2,2,False,False
11655826,1,1,1,1,False,False
1721157,1,1,1,1,False,False
9947653,2,2,2,2,False,False
12554634,1,1,1,1,False,False
6264750,1,1,1,1,False,False
8493354,1,1,1,1,False,False
4545570,1,1,1,1,False,False
4750669,1,1,1,1,False,False
11350118,1,1,1,1,False,False
9216775,1,1,1,1,False,False
2572029,1,1,1,1,False,False
2558163,1,1,1,1,False,False
8752940,1,1,1,1,False,False
4384909,1,1,1,1,False,False
9009036,1,1,1,1,False,False
11506654,1,1,1,1,False,False
5687700,1,1,1,1,False,False
8806985,1,1,1,1,False,False
10120548,1,1,1,1,False,False
4474462,1,1,1,1,False,False
9031703,1,1,1,1,False,False
5389956,1,1,1,1,False,False
3934657,1,1,1,1,False,False
7515336,1,1,1,1,False,False
3557560,1,1,1,1,False,False
8700895,1,1,1,1,False,False
5003670,3,3,3,3,False,False
10873178,1,1,1,1,False,False
11337012,1,1,1,1,False,False
12647577,1,1,1,1,False,False
4252671,1,1,1,1,False,False
11153476,1,1,1,1,False,False
6144039,1,1,1,1,False,False
5985713,1,1,1,1,False,False
6839010,1,1,1,1,False,False
11357664,1,1,1,1,False,False
8430053,1,1,1,1,False,False
12458605,1,1,1,1,False,False
5352640,1,1,1,1,False,False
4048898,1,1,1,1,False,False
4587135,1,1,1,1,False,False
7133294,1,1,1,1,False,False
5511659,2,2,2,2,False,False
10220837,1,1,1,1,False,False
7583650,1,1,1,1,False,False
5819801,1,1,1,1,False,False
6276791,2,2,2,2,False,False
8636600,1,1,1,1,False,False
3223433,1,1,1,1,False,False
8803757,1,1,1,1,False,False
9479306,1,1,1,1,False,False
5437762,1,1,1,1,False,False
8151055,1,1,1,1,False,False
3348082,3,3,2,2,True,True
8349399,1,1,1,1,False,False
10615440,1,1,1,1,False,False
5645170,1,1,1,1,False,False
9110610,1,1,1,1,False,False
8301878,1,1,1,1,False,False
7510820,1,1,1,1,False,False
10221505,1,1,1,1,False,False
6665860,1,1,1,1,False,False
5769810,2,2,2,2,False,False
12071754,1,1,1,1,False,False
10384298,1,1,1,1,False,False
3109550,1,1,1,1,False,False
6880517,1,1,1,1,False,False
6615511,1,1,1,1,False,False
6131130,1,1,1,1,False,False
3632089,2,2,2,2,False,False
4742452,1,1,1,1,False,False
8626325,1,1,1,1,False,False
9569711,1,1,1,1,False,False
12253769,1,1,1,1,False,False
8054719,1,1,1,1,False,False
4762283,1,1,1,1,False,False
3849187,1,1,1,1,False,False
2976017,1,1,1,1,False,False
6786224,1,1,1,1,False,False
11072016,1,1,1,1,False,False
7902003,1,1,1,1,False,False
6587796,1,1,1,1,False,False
8554701,1,1,1,1,False,False
9031209,1,1,1,1,False,False
8360041,1,1,1,1,False,False
2860656,1,1,1,1,False,False
4271474,1,1,1,1,False,False
7094944,1,1,1,1,False,False
6425597,1,1,1,1,False,False
10917433,1,1,1,1,False,False
5091479,1,1,1,1,False,False
8331612,2,2,2,2,False,False
5965819,3,3,3,3,False,False
7345248,1,1,1,1,False,False
6690171,1,1,1,1,False,False
6220312,1,1,1,1,False,False
6358937,1,1,1,1,False,False
4366323,1,1,1,1,False,False
2853029,1,1,1,1,False,False
12156174,1,1,1,1,False,False
6955671,1,1,1,1,False,False
4736644,1,1,1,1,False,False
8278073,1,1,1,1,False,False
10810859,1,1,1,1,False,False
12055539,1,1,1,1,False,False
12056139,1,1,1,1,False,False
9021075,1,1,1,1,False,False
11338056,1,1,1,1,False,False
4473613,1,1,1,1,False,False
9581589,1,1,1,1,False,False
8620402,1,1,1,1,False,False
7266212,1,1,1,1,False,False
8811490,1,1,1,1,False,False
8094120,2,2,1,1,True,True
9935642,1,1,1,1,False,False
7285757,2,2,2,2,False,False
5280587,1,1,1,1,False,False
4262040,1,1,1,1,False,False
7287677,1,1,1,1,False,False
6691169,1,1,1,1,False,False
3120904,1,1,1,1,False,False
8047428,1,1,1,1,False,False
9459162,1,1,1,1,False,False
9969287,1,1,1,1,False,False
10747501,1,1,1,1,False,False
10586744,1,1,1,1,False,False
11970050,1,1,1,1,False,False
3544640,1,1,1,1,False,False
12066569,1,1,1,1,False,False
3122872,1,1,1,1,False,False
9702945,1,1,1,1,False,False
10549902,1,1,1,1,False,False
8016691,1,1,1,1,False,False
6584273,1,1,1,1,False,False
5768816,1,1,1,1,False,False
10291589,1,1,1,1,False,False
5651846,1,1,1,1,False,False
6424561,1,1,1,1,False,False
10584140,1,1,1,1,False,False
8233326,1,1,1,1,False,False
10935993,1,1,1,1,False,False
5257082,1,1,1,1,False,False
8628665,1,1,1,1,False,False
4645174,2,2,2,2,False,False
11657614,2,2,2,2,False,False
6599975,1,1,1,1,False,False
4282191,1,1,1,1,False,False
3559860,2,2,2,2,False,False
6705026,2,2,2,2,False,False
6779726,1,1,1,1,False,False
7288306,1,1,1,1,False,False
11860395,1,1,1,1,False,False
6451368,1,1,1,1,False,False
8078502,1,1,1,1,False,False
8644365,2,2,2,2,False,False
6947668,1,1,1,1,False,False
3848966,1,1,1,1,False,False
6118370,1,1,1,1,False,False
9664276,1,1,1,1,False,False
9085563,1,1,1,1,False,False
7748487,1,1,1,1,False,False
5710069,1,1,1,1,False,False
9967009,2,2,2,2,False,False
9763612,1,1,1,1,False,False
6200810,1,1,1,1,False,False
3561464,3,3,3,3,False,False
5213404,1,1,1,1,False,False
9995771,2,2,2,2,False,False
6231721,1,1,1,1,False,False
9536108,1,1,1,1,False,False
8905246,1,1,1,1,False,False
10922659,1,1,1,1,False,False
8409295,1,1,1,1,False,False
7131760,1,1,1,1,False,False
11922778,1,1,1,1,False,False
7692093,2,2,1,1,True,True
9285265,2,2,2,2,False,False
6025124,1,1,1,1,False,False
5780930,1,1,1,1,False,False
6277410,1,1,1,1,False,False
8812045,1,1,1,1,False,False
7288444,1,1,1,1,False,False
10881457,1,1,1,1,False,False
5621333,2,2,2,2,False,False
3236705,1,1,1,1,False,False
11810124,3,3,3,2,False,True
2849140,1,1,1,1,False,False
7503885,1,1,1,1,False,False
8121328,1,1,1,1,False,False
11303322,1,1,1,1,False,False
6043538,1,1,1,1,False,False
9349757,2,2,2,2,False,False
7289338,2,2,2,2,False,False
5004909,1,1,1,1,False,False
6278670,1,1,1,1,False,False
8880123,1,1,1,1,False,False
9474756,2,2,2,2,False,False
8636333,1,1,1,1,False,False
8081239,1,1,1,1,False,False
5308663,2,2,1,1,True,True
3745559,1,1,1,1,False,False
9117416,3,3,3,3,False,False
5900235,1,1,1,1,False,False
7517261,2,2,2,2,False,False
5877292,1,1,1,1,False,False
7091432,1,1,1,1,False,False
9221528,1,1,1,1,False,False
6368230,1,1,1,1,False,False
9027909,1,1,1,1,False,False
6058816,2,2,2,2,False,False
4263529,1,1,1,1,False,False
6619815,1,1,1,1,False,False
11651712,1,1,1,1,False,False
7697103,1,1,1,1,False,False
9267996,1,1,1,1,False,False
3728432,1,1,1,1,False,False
2581554,1,1,1,1,False,False
9761615,1,1,1,1,False,False
2581316,2,2,2,1,False,True
8494410,2,2,1,1,True,True
5784777,1,1,1,1,False,False
7017372,1,1,1,1,False,False
10788461,3,3,3,3,False,False
6887030,1,1,1,1,False,False
12784167,1,1,1,1,False,False
8257205,2,2,2,1,False,True
4164922,2,2,2,2,False,False
12061969,2,2,2,2,False,False
3440118,1,1,1,1,False,False
4472818,2,2,2,2,False,False
4147444,1,1,1,1,False,False
7515679,1,1,1,1,False,False
5184709,1,1,1,1,False,False
5195172,1,1,1,1,False,False
8832512,1,1,1,1,False,False
7778664,1,1,1,1,False,False
7834712,1,1,1,1,False,False
10153855,1,1,1,1,False,False
7762723,1,1,1,1,False,False
4178606,1,1,1,1,False,False
8036287,1,1,1,1,False,False
11187436,1,1,1,1,False,False
9823519,2,2,2,2,False,False
7047824,1,1,1,1,False,False
12253474,1,1,1,1,False,False
9602613,2,2,2,2,False,False
5807769,1,1,1,1,False,False
11075429,1,1,1,1,False,False
11705004,2,2,2,2,False,False
5895158,1,1,1,1,False,False
7287028,1,1,1,1,False,False
4947556,2,2,2,1,False,True
7679812,1,1,1,1,False,False
7366501,1,1,1,1,False,False
6342333,1,1,1,1,False,False
4570949,1,1,1,1,False,False
11518201,1,1,1,1,False,False
9758032,1,1,1,1,False,False
2715695,2,2,2,2,False,False
12352520,1,1,1,1,False,False
7455981,1,1,1,1,False,False
9605552,1,1,1,1,False,False
5283728,1,1,1,1,False,False
6367663,1,1,1,1,False,False
5294945,1,1,1,1,False,False
6442735,1,1,1,1,False,False
4135912,1,1,1,1,False,False
6511182,1,1,1,1,False,False
1865864,1,1,1,1,False,False
4164511,1,1,1,1,False,False
5551240,1,1,1,1,False,False
6543192,1,1,1,1,False,False
6634112,1,1,1,1,False,False
2310993,1,1,1,1,False,False
5697395,1,1,1,1,False,False
5859725,1,1,1,1,False,False
3101178,1,1,1,1,False,False
3340165,1,1,1,1,False,False
3355104,1,1,1,1,False,False
3425363,1,1,1,1,False,False
4918303,1,1,1,1,False,False
6045404,1,1,1,1,False,False
5027859,1,1,1,1,False,False
3646449,1,1,1,1,False,False
3647097,1,1,1,1,False,False
6203955,1,1,1,1,False,False
6350031,1,1,1,1,False,False
11177676,1,1,1,1,False,False
3955444,1,1,1,1,False,False
7625138,1,1,1,1,False,False
8525101,1,1,1,1,False,False
10339000,1,1,1,1,False,False
7662502,1,1,1,1,False,False
7672215,1,1,1,1,False,False
10525077,1,1,1,1,False,False
7836096,1,1,1,1,False,False
10855545,1,1,1,1,False,False
8745553,1,1,1,1,False,False
8007174,1,1,1,1,False,False
8009811,1,1,1,1,False,False
10933306,1,1,1,1,False,False
8037038,1,1,1,1,False,False
9839030,1,1,1,1,False,False
9018021,1,1,1,1,False,False
9881660,1,1,1,1,False,False
9910043,1,1,1,1,False,False
7130612,1,1,1,1,False,False
8125917,1,1,1,1,False,False
9073549,1,1,1,1,False,False
9942658,1,1,1,1,False,False
8223445,1,1,1,1,False,False
9993683,1,1,1,1,False,False
7204233,1,1,1,1,False,False
8279146,1,1,1,1,False,False
8378278,1,1,1,1,False,False
8395870,1,1,1,1,False,False
8396288,1,1,1,1,False,False
10146103,1,1,1,1,False,False
11446961,1,1,1,1,False,False
11456256,1,1,1,1,False,False
11520114,1,1,1,1,False,False
11520465,1,1,1,1,False,False
11601633,1,1,1,1,False,False
11811382,1,1,1,1,False,False
11905398,1,1,1,1,False,False
11923213,1,1,1,1,False,False
11959893,1,1,1,1,False,False
12105086,1,1,1,1,False,False
12735793,1,1,1,1,False,False
11080702,1,1,1,1,False,False
11176166,2,2,2,2,False,False
11198419,1,1,1,1,False,False
11393248,1,1,1,1,False,False
11407847,1,1,1,1,False,False
8374077,1,1,1,1,False,False
8653134,1,1,1,1,False,False
8822421,1,1,1,1,False,False
9093086,2,2,2,2,False,False
9153823,1,1,1,1,False,False
3747817,2,2,2,1,False,True
3545840,1,1,1,1,False,False
9655711,2,2,2,2,False,False
8222395,1,1,1,1,False,False
8107150,1,1,1,1,False,False
4739229,2,2,2,1,False,True
10200627,1,1,1,1,False,False
5816144,2,2,1,1,True,True
10989274,1,1,1,1,False,False
6221385,3,3,3,3,False,False
11856178,1,1,1,1,False,False
12885212,2,2,1,1,True,True
9418619,1,1,1,1,False,False
7908367,2,2,2,2,False,False
8182107,1,1,1,1,False,False
7974634,3,3,2,1,True,True
11404644,1,1,1,1,False,False
5706592,1,1,1,1,False,False
8364232,1,1,1,1,False,False
7592922,1,1,1,1,False,False
7602351,1,1,1,1,False,False
3854496,1,1,1,1,False,False
6715997,1,1,1,1,False,False
6763884,1,1,1,1,False,False
6768616,2,2,1,1,True,True
9340411,1,1,1,1,False,False
11244571,1,1,1,1,False,False
11286311,1,1,1,1,False,False
5966732,1,1,1,1,False,False
6842345,1,1,1,1,False,False
6853172,1,1,1,1,False,False
6859546,1,1,1,1,False,False
7687365,1,1,1,1,False,False
8443812,1,1,1,1,False,False
10264293,1,1,1,1,False,False
2161949,2,2,2,2,False,False
5083138,1,1,1,1,False,False
6864706,1,1,1,1,False,False
6867219,1,1,1,1,False,False
11411639,1,1,1,1,False,False
6045093,1,1,1,1,False,False
6947623,1,1,1,1,False,False
7816935,1,1,1,1,False,False
8540376,1,1,1,1,False,False
10396708,1,1,1,1,False,False
2449245,1,1,1,1,False,False
4372620,1,1,1,1,False,False
6111011,1,1,1,1,False,False
6128245,1,1,1,1,False,False
7902204,1,1,1,1,False,False
9588862,1,1,1,1,False,False
9596064,1,1,1,1,False,False
10450504,1,1,1,1,False,False
11602794,1,1,1,1,False,False
6187508,1,1,1,1,False,False
7939761,1,1,1,1,False,False
8613446,1,1,1,1,False,False
8624860,1,1,1,1,False,False
8686442,1,1,1,1,False,False
8693536,1,1,1,1,False,False
9639106,1,1,1,1,False,False
9640123,1,1,1,1,False,False
10546063,1,1,1,1,False,False
11650543,1,1,1,1,False,False
2834463,1,1,1,1,False,False
5263167,1,1,1,1,False,False
6265961,1,1,1,1,False,False
8007675,1,1,1,1,False,False
9651602,1,1,1,1,False,False
11773625,1,1,1,1,False,False
2994092,1,1,1,1,False,False
6307000,1,1,1,1,False,False
6345758,1,1,1,1,False,False
8016692,1,1,1,1,False,False
8042644,1,1,1,1,False,False
8760760,1,1,1,1,False,False
8807057,1,1,1,1,False,False
9693803,1,1,1,1,False,False
10659624,1,1,1,1,False,False
10665228,1,1,1,1,False,False
11854636,1,1,1,1,False,False
8091197,1,1,1,1,False,False
8098960,1,1,1,1,False,False
9811915,1,1,1,1,False,False
3249334,1,1,1,1,False,False
3324069,1,1,1,1,False,False
4760959,1,1,1,1,False,False
5353938,1,1,1,1,False,False
6436505,2,2,1,1,True,True
8488381,1,1,1,1,False,False
8115647,1,1,1,1,False,False
8881169,1,1,1,1,False,False
9837013,1,1,1,1,False,False
10751908,1,1,1,1,False,False
12016243,1,1,1,1,False,False
5456979,1,1,1,1,False,False
5466109,1,1,1,1,False,False
8167504,1,1,1,1,False,False
8958939,2,2,2,2,False,False
10815677,1,1,1,1,False,False
10848097,1,1,1,1,False,False
10866969,1,1,1,1,False,False
6307083,2,2,1,1,True,True
2854181,2,2,2,1,False,True
3356193,1,1,1,1,False,False
8180290,1,1,1,1,False,False
9025739,1,1,1,1,False,False
9909965,1,1,1,1,False,False
3547178,1,1,1,1,False,False
6551106,1,1,1,1,False,False
6584278,1,1,1,1,False,False
7345335,1,1,1,1,False,False
8227086,1,1,1,1,False,False
8227464,1,1,1,1,False,False
9099773,1,1,1,1,False,False
9943009,1,1,1,1,False,False
9959093,1,1,1,1,False,False
11019739,1,1,1,1,False,False
3663494,1,1,1,1,False,False
4995716,1,1,1,1,False,False
5597361,1,1,1,1,False,False
6603765,1,1,1,1,False,False
10002049,1,1,1,1,False,False
10019854,1,1,1,1,False,False
11068630,1,1,1,1,False,False
3733638,1,1,1,1,False,False
5702770,1,1,1,1,False,False
6664842,1,1,1,1,False,False
6670610,1,1,1,1,False,False
7447895,1,1,1,1,False,False
9221627,1,1,1,1,False,False
10053138,1,1,1,1,False,False
11182260,1,1,1,1,False,False
11187972,1,1,1,1,False,False
8105398,2,2,2,1,False,True
3965201,1,1,1,1,False,False
5271090,1,1,1,1,False,False
6876575,1,1,1,1,False,False
8444868,1,1,1,1,False,False
8702537,1,1,1,1,False,False
10160922,1,1,1,1,False,False
10198225,1,1,1,1,False,False
10515564,1,1,1,1,False,False
10403228,1,1,1,1,False,False
11446424,1,1,1,1,False,False
6507334,1,1,1,1,False,False
10536241,1,1,1,1,False,False
9099607,1,1,1,1,False,False
10862759,1,1,1,1,False,False
10920281,1,1,1,1,False,False
11032748,1,1,1,1,False,False
11139682,1,1,1,1,False,False
5683219,1,1,1,1,False,False
9390228,1,1,1,1,False,False
11358305,1,1,1,1,False,False
11392362,1,1,1,1,False,False
11443757,1,1,1,1,False,False
11453349,1,1,1,1,False,False
9604563,1,1,1,1,False,False
11904835,1,1,1,1,False,False
9159288,1,1,1,1,False,False
12156930,1,1,1,1,False,False
12602999,1,1,1,1,False,False
9873004,1,1,1,1,False,False
9906688,1,1,1,1,False,False
10128825,1,1,1,1,False,False
